{
    "name": "Header Barbershop",
    "id": "header_777303",
    "structure": {
        "id": "root",
        "type": "root",
        "content": [
            {
                "id": "top-bar",
                "type": "row",
                "content": [
                    {
                        "id": "column5",
                        "type": "column",
                        "content": []
                    },
                    {
                        "id": "column6",
                        "type": "column",
                        "content": []
                    },
                    {
                        "id": "column7",
                        "type": "column",
                        "content": []
                    },
                    {
                        "id": "column_mobile1",
                        "type": "column",
                        "content": []
                    }
                ],
                "params": {
                    "row_columns": {
                        "id": "row_columns",
                        "value": "3",
                        "type": "selector"
                    },
                    "flex_layout": {
                        "id": "flex_layout",
                        "value": "equal-sides",
                        "type": "selector"
                    },
                    "height": {
                        "id": "height",
                        "value": 40,
                        "type": "slider"
                    },
                    "mobile_height": {
                        "id": "mobile_height",
                        "value": "40",
                        "type": "slider"
                    },
                    "hide_desktop": {
                        "id": "hide_desktop",
                        "value": true,
                        "type": "switcher"
                    },
                    "hide_mobile": {
                        "id": "hide_mobile",
                        "value": true,
                        "type": "switcher"
                    },
                    "sticky": {
                        "id": "sticky",
                        "value": false,
                        "type": "switcher"
                    },
                    "sticky_height": {
                        "id": "sticky_height",
                        "value": 40,
                        "type": "slider"
                    },
                    "color_scheme": {
                        "id": "color_scheme",
                        "value": "light",
                        "type": "selector"
                    },
                    "background": {
                        "id": "background",
                        "value": {
                            "background-color": {
                                "r": 172,
                                "g": 140,
                                "b": 103,
                                "a": 1
                            }
                        },
                        "type": "bg"
                    },
                    "border": {
                        "id": "border",
                        "value": "",
                        "type": "border"
                    },
                    "shadow": {
                        "id": "shadow",
                        "value": false,
                        "type": "switcher"
                    }
                }
            },
            {
                "id": "general-header",
                "type": "row",
                "content": [
                    {
                        "id": "column8",
                        "type": "column",
                        "content": [
                            {
                                "id": "3l6oeh5c39ucv5c9cl9i",
                                "type": "button",
                                "params": {
                                    "title": {
                                        "id": "title",
                                        "value": "Book Now",
                                        "type": "text"
                                    },
                                    "link": {
                                        "id": "link",
                                        "value": {
                                            "url": "#"
                                        },
                                        "type": "link"
                                    },
                                    "button_smooth_scroll": {
                                        "id": "button_smooth_scroll",
                                        "value": false,
                                        "type": "switcher"
                                    },
                                    "button_smooth_scroll_time": {
                                        "id": "button_smooth_scroll_time",
                                        "value": "",
                                        "type": "text"
                                    },
                                    "button_smooth_scroll_offset": {
                                        "id": "button_smooth_scroll_offset",
                                        "value": "",
                                        "type": "text"
                                    },
                                    "el_class": {
                                        "id": "el_class",
                                        "value": "woodmart-open-newsletter",
                                        "type": "text"
                                    },
                                    "style": {
                                        "id": "style",
                                        "value": "default",
                                        "type": "selector"
                                    },
                                    "shape": {
                                        "id": "shape",
                                        "value": "rectangle",
                                        "type": "selector"
                                    },
                                    "size": {
                                        "id": "size",
                                        "value": "default",
                                        "type": "options"
                                    },
                                    "color": {
                                        "id": "color",
                                        "value": "white",
                                        "type": "options"
                                    },
                                    "bg_color": {
                                        "id": "bg_color",
                                        "value": "",
                                        "type": "color"
                                    },
                                    "bg_color_hover": {
                                        "id": "bg_color_hover",
                                        "value": "",
                                        "type": "color"
                                    },
                                    "color_scheme": {
                                        "id": "color_scheme",
                                        "value": "light",
                                        "type": "selector"
                                    },
                                    "custom_color_scheme": {
                                        "id": "custom_color_scheme",
                                        "value": "",
                                        "type": "color"
                                    },
                                    "color_scheme_divider": {
                                        "id": "color_scheme_divider",
                                        "value": "",
                                        "type": "divider"
                                    },
                                    "color_scheme_hover": {
                                        "id": "color_scheme_hover",
                                        "value": "light",
                                        "type": "selector"
                                    },
                                    "custom_color_scheme_hover": {
                                        "id": "custom_color_scheme_hover",
                                        "value": "",
                                        "type": "color"
                                    },
                                    "icon_library": {
                                        "id": "icon_library",
                                        "value": "fontawesome",
                                        "type": "options"
                                    },
                                    "icon_fontawesome": {
                                        "id": "icon_fontawesome",
                                        "value": "",
                                        "type": "text"
                                    },
                                    "icon_openiconic": {
                                        "id": "icon_openiconic",
                                        "value": "",
                                        "type": "text"
                                    },
                                    "icon_typicons": {
                                        "id": "icon_typicons",
                                        "value": "",
                                        "type": "text"
                                    },
                                    "icon_entypo": {
                                        "id": "icon_entypo",
                                        "value": "",
                                        "type": "text"
                                    },
                                    "icon_linecons": {
                                        "id": "icon_linecons",
                                        "value": "",
                                        "type": "text"
                                    },
                                    "icon_monosocial": {
                                        "id": "icon_monosocial",
                                        "value": "",
                                        "type": "text"
                                    },
                                    "icon_material": {
                                        "id": "icon_material",
                                        "value": "",
                                        "type": "text"
                                    },
                                    "image": {
                                        "id": "image",
                                        "value": "",
                                        "type": "image"
                                    },
                                    "img_size": {
                                        "id": "img_size",
                                        "value": "",
                                        "type": "text"
                                    },
                                    "icon_position": {
                                        "id": "icon_position",
                                        "value": "left",
                                        "type": "selector"
                                    }
                                }
                            },
                            {
                                "id": "wvj3yb6lpcunazl7pw3g",
                                "type": "menu",
                                "params": {
                                    "menu_id": {
                                        "id": "menu_id",
                                        "value": "main-menu-barbershop-left",
                                        "type": "options"
                                    },
                                    "menu_style": {
                                        "id": "menu_style",
                                        "value": "default",
                                        "type": "selector"
                                    },
                                    "menu_align": {
                                        "id": "menu_align",
                                        "value": "right",
                                        "type": "selector"
                                    },
                                    "items_gap": {
                                        "id": "items_gap",
                                        "value": "m",
                                        "type": "selector"
                                    },
                                    "bg_overlay": {
                                        "id": "bg_overlay",
                                        "value": false,
                                        "type": "switcher"
                                    },
                                    "inline": {
                                        "id": "inline",
                                        "value": false,
                                        "type": "switcher"
                                    }
                                }
                            }
                        ]
                    },
                    {
                        "id": "column9",
                        "type": "column",
                        "content": [
                            {
                                "id": "5yrg4cqqz5pgzhvekw6m",
                                "type": "space",
                                "params": {
                                    "width": {
                                        "id": "width",
                                        "value": "30",
                                        "type": "slider"
                                    },
                                    "css_class": {
                                        "id": "css_class",
                                        "value": "",
                                        "type": "text"
                                    }
                                }
                            },
                            {
                                "id": "jtua1bqps3itexzcv2j1",
                                "type": "logo",
                                "params": {
                                    "image": {
                                        "id": "image",
                                        "value": {
                                            "id": 10268,
                                            "url": "http:\/\/dummy.xtemos.com\/woodmart2\/wp-content\/uploads\/2025\/03\/barbershop-logo.svg",
                                            "width": 158,
                                            "height": 82
                                        },
                                        "type": "image"
                                    },
                                    "width": {
                                        "id": "width",
                                        "value": 158,
                                        "type": "slider"
                                    },
                                    "sticky_notice": {
                                        "id": "sticky_notice",
                                        "value": "",
                                        "type": "notice"
                                    },
                                    "sticky_image": {
                                        "id": "sticky_image",
                                        "value": "",
                                        "type": "image"
                                    },
                                    "sticky_width": {
                                        "id": "sticky_width",
                                        "value": 150,
                                        "type": "slider"
                                    },
                                    "width_height": {
                                        "id": "width_height",
                                        "value": true,
                                        "type": "switcher"
                                    }
                                }
                            },
                            {
                                "id": "um9gq5z7m28rfbxjrufm",
                                "type": "space",
                                "params": {
                                    "width": {
                                        "id": "width",
                                        "value": "30",
                                        "type": "slider"
                                    },
                                    "css_class": {
                                        "id": "css_class",
                                        "value": "",
                                        "type": "text"
                                    }
                                }
                            }
                        ]
                    },
                    {
                        "id": "column10",
                        "type": "column",
                        "content": [
                            {
                                "id": "0vzy4nhwk0787ckosvze",
                                "type": "menu",
                                "params": {
                                    "menu_id": {
                                        "id": "menu_id",
                                        "value": "main-menu-barbershop-right",
                                        "type": "options"
                                    },
                                    "menu_style": {
                                        "id": "menu_style",
                                        "value": "default",
                                        "type": "selector"
                                    },
                                    "menu_align": {
                                        "id": "menu_align",
                                        "value": "left",
                                        "type": "selector"
                                    },
                                    "items_gap": {
                                        "id": "items_gap",
                                        "value": "m",
                                        "type": "selector"
                                    },
                                    "bg_overlay": {
                                        "id": "bg_overlay",
                                        "value": false,
                                        "type": "switcher"
                                    },
                                    "inline": {
                                        "id": "inline",
                                        "value": false,
                                        "type": "switcher"
                                    }
                                }
                            },
                            {
                                "id": "kepcaugk7w9zayhkutjw",
                                "type": "wishlist",
                                "params": {
                                    "design": {
                                        "id": "design",
                                        "value": "icon",
                                        "type": "selector"
                                    },
                                    "icon_design": {
                                        "id": "icon_design",
                                        "value": "1",
                                        "type": "selector"
                                    },
                                    "wrap_type": {
                                        "id": "wrap_type",
                                        "value": "icon_only",
                                        "type": "selector"
                                    },
                                    "color": {
                                        "id": "color",
                                        "value": "",
                                        "type": "color"
                                    },
                                    "hover_color": {
                                        "id": "hover_color",
                                        "value": "",
                                        "type": "color"
                                    },
                                    "bg_color": {
                                        "id": "bg_color",
                                        "value": "",
                                        "type": "color"
                                    },
                                    "bg_hover_color": {
                                        "id": "bg_hover_color",
                                        "value": "",
                                        "type": "color"
                                    },
                                    "icon_color": {
                                        "id": "icon_color",
                                        "value": "",
                                        "type": "color"
                                    },
                                    "icon_hover_color": {
                                        "id": "icon_hover_color",
                                        "value": "",
                                        "type": "color"
                                    },
                                    "icon_bg_color": {
                                        "id": "icon_bg_color",
                                        "value": "",
                                        "type": "color"
                                    },
                                    "icon_bg_hover_color": {
                                        "id": "icon_bg_hover_color",
                                        "value": "",
                                        "type": "color"
                                    },
                                    "icon_type": {
                                        "id": "icon_type",
                                        "value": "default",
                                        "type": "selector"
                                    },
                                    "custom_icon": {
                                        "id": "custom_icon",
                                        "value": "",
                                        "type": "image"
                                    },
                                    "custom_icon_width": {
                                        "id": "custom_icon_width",
                                        "value": 0,
                                        "type": "slider"
                                    },
                                    "hide_product_count": {
                                        "id": "hide_product_count",
                                        "value": false,
                                        "type": "switcher"
                                    }
                                }
                            },
                            {
                                "id": "gtz4zxfjywng4i5mohsv",
                                "type": "cart",
                                "params": {
                                    "position": {
                                        "id": "position",
                                        "value": "side",
                                        "type": "selector"
                                    },
                                    "bg_overlay": {
                                        "id": "bg_overlay",
                                        "value": false,
                                        "type": "switcher"
                                    },
                                    "design": {
                                        "id": "design",
                                        "value": "text",
                                        "type": "selector"
                                    },
                                    "style": {
                                        "id": "style",
                                        "value": "1",
                                        "type": "selector"
                                    },
                                    "wrap_type": {
                                        "id": "wrap_type",
                                        "value": "icon_only",
                                        "type": "selector"
                                    },
                                    "color": {
                                        "id": "color",
                                        "value": "",
                                        "type": "color"
                                    },
                                    "hover_color": {
                                        "id": "hover_color",
                                        "value": "",
                                        "type": "color"
                                    },
                                    "bg_color": {
                                        "id": "bg_color",
                                        "value": "",
                                        "type": "color"
                                    },
                                    "bg_hover_color": {
                                        "id": "bg_hover_color",
                                        "value": "",
                                        "type": "color"
                                    },
                                    "icon_color": {
                                        "id": "icon_color",
                                        "value": "",
                                        "type": "color"
                                    },
                                    "icon_hover_color": {
                                        "id": "icon_hover_color",
                                        "value": "",
                                        "type": "color"
                                    },
                                    "icon_bg_color": {
                                        "id": "icon_bg_color",
                                        "value": "",
                                        "type": "color"
                                    },
                                    "icon_bg_hover_color": {
                                        "id": "icon_bg_hover_color",
                                        "value": "",
                                        "type": "color"
                                    },
                                    "icon_type": {
                                        "id": "icon_type",
                                        "value": "cart",
                                        "type": "selector"
                                    },
                                    "custom_icon": {
                                        "id": "custom_icon",
                                        "value": "",
                                        "type": "image"
                                    },
                                    "custom_icon_width": {
                                        "id": "custom_icon_width",
                                        "value": 0,
                                        "type": "slider"
                                    }
                                }
                            }
                        ]
                    },
                    {
                        "id": "column_mobile2",
                        "type": "column",
                        "content": [
                            {
                                "id": "4ccwv4gsu2dopg19ydt3",
                                "type": "button",
                                "params": {
                                    "title": {
                                        "id": "title",
                                        "value": "Book now",
                                        "type": "text"
                                    },
                                    "link": {
                                        "id": "link",
                                        "value": {
                                            "url": "#"
                                        },
                                        "type": "link"
                                    },
                                    "button_smooth_scroll": {
                                        "id": "button_smooth_scroll",
                                        "value": false,
                                        "type": "switcher"
                                    },
                                    "button_smooth_scroll_time": {
                                        "id": "button_smooth_scroll_time",
                                        "value": "",
                                        "type": "text"
                                    },
                                    "button_smooth_scroll_offset": {
                                        "id": "button_smooth_scroll_offset",
                                        "value": "",
                                        "type": "text"
                                    },
                                    "el_class": {
                                        "id": "el_class",
                                        "value": "woodmart-open-newsletter",
                                        "type": "text"
                                    },
                                    "style": {
                                        "id": "style",
                                        "value": "link",
                                        "type": "selector"
                                    },
                                    "shape": {
                                        "id": "shape",
                                        "value": "rectangle",
                                        "type": "selector"
                                    },
                                    "size": {
                                        "id": "size",
                                        "value": "default",
                                        "type": "options"
                                    },
                                    "color": {
                                        "id": "color",
                                        "value": "white",
                                        "type": "options"
                                    },
                                    "bg_color": {
                                        "id": "bg_color",
                                        "value": "",
                                        "type": "color"
                                    },
                                    "bg_color_hover": {
                                        "id": "bg_color_hover",
                                        "value": "",
                                        "type": "color"
                                    },
                                    "color_scheme": {
                                        "id": "color_scheme",
                                        "value": "light",
                                        "type": "selector"
                                    },
                                    "custom_color_scheme": {
                                        "id": "custom_color_scheme",
                                        "value": "",
                                        "type": "color"
                                    },
                                    "color_scheme_divider": {
                                        "id": "color_scheme_divider",
                                        "value": "",
                                        "type": "divider"
                                    },
                                    "color_scheme_hover": {
                                        "id": "color_scheme_hover",
                                        "value": "light",
                                        "type": "selector"
                                    },
                                    "custom_color_scheme_hover": {
                                        "id": "custom_color_scheme_hover",
                                        "value": "",
                                        "type": "color"
                                    },
                                    "icon_library": {
                                        "id": "icon_library",
                                        "value": "fontawesome",
                                        "type": "options"
                                    },
                                    "icon_fontawesome": {
                                        "id": "icon_fontawesome",
                                        "value": "",
                                        "type": "text"
                                    },
                                    "icon_openiconic": {
                                        "id": "icon_openiconic",
                                        "value": "",
                                        "type": "text"
                                    },
                                    "icon_typicons": {
                                        "id": "icon_typicons",
                                        "value": "",
                                        "type": "text"
                                    },
                                    "icon_entypo": {
                                        "id": "icon_entypo",
                                        "value": "",
                                        "type": "text"
                                    },
                                    "icon_linecons": {
                                        "id": "icon_linecons",
                                        "value": "",
                                        "type": "text"
                                    },
                                    "icon_monosocial": {
                                        "id": "icon_monosocial",
                                        "value": "",
                                        "type": "text"
                                    },
                                    "icon_material": {
                                        "id": "icon_material",
                                        "value": "",
                                        "type": "text"
                                    },
                                    "image": {
                                        "id": "image",
                                        "value": "",
                                        "type": "image"
                                    },
                                    "img_size": {
                                        "id": "img_size",
                                        "value": "",
                                        "type": "text"
                                    },
                                    "icon_position": {
                                        "id": "icon_position",
                                        "value": "left",
                                        "type": "selector"
                                    }
                                }
                            }
                        ]
                    },
                    {
                        "id": "column_mobile3",
                        "type": "column",
                        "content": [
                            {
                                "id": "oght7qergmmc7i0sk1ea",
                                "type": "logo",
                                "params": {
                                    "image": {
                                        "id": "image",
                                        "value": {
                                            "id": 10268,
                                            "url": "http:\/\/dummy.xtemos.com\/woodmart2\/wp-content\/uploads\/2025\/03\/barbershop-logo.svg",
                                            "width": 158,
                                            "height": 82
                                        },
                                        "type": "image"
                                    },
                                    "width": {
                                        "id": "width",
                                        "value": "100",
                                        "type": "slider"
                                    },
                                    "sticky_notice": {
                                        "id": "sticky_notice",
                                        "value": "",
                                        "type": "notice"
                                    },
                                    "sticky_image": {
                                        "id": "sticky_image",
                                        "value": "",
                                        "type": "image"
                                    },
                                    "sticky_width": {
                                        "id": "sticky_width",
                                        "value": 150,
                                        "type": "slider"
                                    },
                                    "width_height": {
                                        "id": "width_height",
                                        "value": true,
                                        "type": "switcher"
                                    }
                                }
                            }
                        ]
                    },
                    {
                        "id": "column_mobile4",
                        "type": "column",
                        "content": [
                            {
                                "id": "cqra9sxwvodopga9qn5k",
                                "type": "cart",
                                "params": {
                                    "position": {
                                        "id": "position",
                                        "value": "side",
                                        "type": "selector"
                                    },
                                    "bg_overlay": {
                                        "id": "bg_overlay",
                                        "value": false,
                                        "type": "switcher"
                                    },
                                    "design": {
                                        "id": "design",
                                        "value": "icon",
                                        "type": "selector"
                                    },
                                    "style": {
                                        "id": "style",
                                        "value": "1",
                                        "type": "selector"
                                    },
                                    "wrap_type": {
                                        "id": "wrap_type",
                                        "value": "icon_only",
                                        "type": "selector"
                                    },
                                    "color": {
                                        "id": "color",
                                        "value": "",
                                        "type": "color"
                                    },
                                    "hover_color": {
                                        "id": "hover_color",
                                        "value": "",
                                        "type": "color"
                                    },
                                    "bg_color": {
                                        "id": "bg_color",
                                        "value": "",
                                        "type": "color"
                                    },
                                    "bg_hover_color": {
                                        "id": "bg_hover_color",
                                        "value": "",
                                        "type": "color"
                                    },
                                    "icon_color": {
                                        "id": "icon_color",
                                        "value": "",
                                        "type": "color"
                                    },
                                    "icon_hover_color": {
                                        "id": "icon_hover_color",
                                        "value": "",
                                        "type": "color"
                                    },
                                    "icon_bg_color": {
                                        "id": "icon_bg_color",
                                        "value": "",
                                        "type": "color"
                                    },
                                    "icon_bg_hover_color": {
                                        "id": "icon_bg_hover_color",
                                        "value": "",
                                        "type": "color"
                                    },
                                    "icon_type": {
                                        "id": "icon_type",
                                        "value": "cart",
                                        "type": "selector"
                                    },
                                    "custom_icon": {
                                        "id": "custom_icon",
                                        "value": "",
                                        "type": "image"
                                    },
                                    "custom_icon_width": {
                                        "id": "custom_icon_width",
                                        "value": 0,
                                        "type": "slider"
                                    }
                                }
                            },
                            {
                                "id": "yzxn54fo83usv8dct0vb",
                                "type": "burger",
                                "params": {
                                    "close_btn": {
                                        "id": "close_btn",
                                        "value": false,
                                        "type": "switcher"
                                    },
                                    "show_wishlist": {
                                        "id": "show_wishlist",
                                        "value": true,
                                        "type": "switcher"
                                    },
                                    "show_compare": {
                                        "id": "show_compare",
                                        "value": false,
                                        "type": "switcher"
                                    },
                                    "show_account": {
                                        "id": "show_account",
                                        "value": false,
                                        "type": "switcher"
                                    },
                                    "show_html_block": {
                                        "id": "show_html_block",
                                        "value": false,
                                        "type": "switcher"
                                    },
                                    "languages": {
                                        "id": "languages",
                                        "value": false,
                                        "type": "switcher"
                                    },
                                    "show_language_flag": {
                                        "id": "show_language_flag",
                                        "value": true,
                                        "type": "switcher"
                                    },
                                    "search_form": {
                                        "id": "search_form",
                                        "value": false,
                                        "type": "switcher"
                                    },
                                    "popular_requests": {
                                        "id": "popular_requests",
                                        "value": false,
                                        "type": "switcher"
                                    },
                                    "search_history_enabled": {
                                        "id": "search_history_enabled",
                                        "value": false,
                                        "type": "switcher"
                                    },
                                    "search_extra_content_enabled": {
                                        "id": "search_extra_content_enabled",
                                        "value": false,
                                        "type": "switcher"
                                    },
                                    "search_extra_content": {
                                        "id": "search_extra_content",
                                        "value": "",
                                        "type": "options"
                                    },
                                    "ajax": {
                                        "id": "ajax",
                                        "value": true,
                                        "type": "switcher"
                                    },
                                    "ajax_result_count": {
                                        "id": "ajax_result_count",
                                        "value": 20,
                                        "type": "slider"
                                    },
                                    "post_type": {
                                        "id": "post_type",
                                        "value": "product",
                                        "type": "selector"
                                    },
                                    "include_cat_search": {
                                        "id": "include_cat_search",
                                        "value": false,
                                        "type": "switcher"
                                    },
                                    "categories_menu": {
                                        "id": "categories_menu",
                                        "value": false,
                                        "type": "switcher"
                                    },
                                    "primary_menu_title": {
                                        "id": "primary_menu_title",
                                        "value": "",
                                        "type": "text"
                                    },
                                    "secondary_menu_title": {
                                        "id": "secondary_menu_title",
                                        "value": "",
                                        "type": "text"
                                    },
                                    "menu_id": {
                                        "id": "menu_id",
                                        "value": "",
                                        "type": "options"
                                    },
                                    "tabs_swap": {
                                        "id": "tabs_swap",
                                        "value": false,
                                        "type": "switcher"
                                    },
                                    "menu_layout": {
                                        "id": "menu_layout",
                                        "value": "dropdown",
                                        "type": "selector"
                                    },
                                    "drilldown_animation": {
                                        "id": "drilldown_animation",
                                        "value": "slide",
                                        "type": "selector"
                                    },
                                    "submenu_opening_action": {
                                        "id": "submenu_opening_action",
                                        "value": "only_arrow",
                                        "type": "selector"
                                    },
                                    "position": {
                                        "id": "position",
                                        "value": "right",
                                        "type": "selector"
                                    },
                                    "style": {
                                        "id": "style",
                                        "value": "icon",
                                        "type": "selector"
                                    },
                                    "icon_design": {
                                        "id": "icon_design",
                                        "value": "1",
                                        "type": "selector"
                                    },
                                    "wrap_type": {
                                        "id": "wrap_type",
                                        "value": "icon_only",
                                        "type": "selector"
                                    },
                                    "color": {
                                        "id": "color",
                                        "value": "",
                                        "type": "color"
                                    },
                                    "hover_color": {
                                        "id": "hover_color",
                                        "value": "",
                                        "type": "color"
                                    },
                                    "bg_color": {
                                        "id": "bg_color",
                                        "value": "",
                                        "type": "color"
                                    },
                                    "bg_hover_color": {
                                        "id": "bg_hover_color",
                                        "value": "",
                                        "type": "color"
                                    },
                                    "icon_color": {
                                        "id": "icon_color",
                                        "value": "",
                                        "type": "color"
                                    },
                                    "icon_hover_color": {
                                        "id": "icon_hover_color",
                                        "value": "",
                                        "type": "color"
                                    },
                                    "icon_bg_color": {
                                        "id": "icon_bg_color",
                                        "value": "",
                                        "type": "color"
                                    },
                                    "icon_bg_hover_color": {
                                        "id": "icon_bg_hover_color",
                                        "value": "",
                                        "type": "color"
                                    },
                                    "icon_type": {
                                        "id": "icon_type",
                                        "value": "default",
                                        "type": "selector"
                                    },
                                    "custom_icon": {
                                        "id": "custom_icon",
                                        "value": "",
                                        "type": "image"
                                    },
                                    "custom_icon_width": {
                                        "id": "custom_icon_width",
                                        "value": 0,
                                        "type": "slider"
                                    }
                                }
                            }
                        ]
                    }
                ],
                "params": {
                    "row_columns": {
                        "id": "row_columns",
                        "value": "3",
                        "type": "selector"
                    },
                    "flex_layout": {
                        "id": "flex_layout",
                        "value": "equal-sides",
                        "type": "selector"
                    },
                    "height": {
                        "id": "height",
                        "value": "120",
                        "type": "slider"
                    },
                    "mobile_height": {
                        "id": "mobile_height",
                        "value": "80",
                        "type": "slider"
                    },
                    "hide_desktop": {
                        "id": "hide_desktop",
                        "value": false,
                        "type": "switcher"
                    },
                    "hide_mobile": {
                        "id": "hide_mobile",
                        "value": false,
                        "type": "switcher"
                    },
                    "sticky": {
                        "id": "sticky",
                        "value": true,
                        "type": "switcher"
                    },
                    "sticky_height": {
                        "id": "sticky_height",
                        "value": "80",
                        "type": "slider"
                    },
                    "color_scheme": {
                        "id": "color_scheme",
                        "value": "light",
                        "type": "selector"
                    },
                    "background": {
                        "id": "background",
                        "value": {
                            "background-color": {
                                "r": 67,
                                "g": 84,
                                "b": 84,
                                "a": 1
                            }
                        },
                        "type": "bg"
                    },
                    "border": {
                        "id": "border",
                        "value": "",
                        "type": "border"
                    },
                    "shadow": {
                        "id": "shadow",
                        "value": false,
                        "type": "switcher"
                    }
                }
            },
            {
                "id": "header-bottom",
                "type": "row",
                "content": [
                    {
                        "id": "column11",
                        "type": "column",
                        "content": []
                    },
                    {
                        "id": "column12",
                        "type": "column",
                        "content": []
                    },
                    {
                        "id": "column13",
                        "type": "column",
                        "content": []
                    },
                    {
                        "id": "column_mobile5",
                        "type": "column",
                        "content": []
                    }
                ],
                "params": {
                    "row_columns": {
                        "id": "row_columns",
                        "value": "3",
                        "type": "selector"
                    },
                    "flex_layout": {
                        "id": "flex_layout",
                        "value": "flex-middle",
                        "type": "selector"
                    },
                    "height": {
                        "id": "height",
                        "value": 50,
                        "type": "slider"
                    },
                    "mobile_height": {
                        "id": "mobile_height",
                        "value": 50,
                        "type": "slider"
                    },
                    "hide_desktop": {
                        "id": "hide_desktop",
                        "value": true,
                        "type": "switcher"
                    },
                    "hide_mobile": {
                        "id": "hide_mobile",
                        "value": true,
                        "type": "switcher"
                    },
                    "sticky": {
                        "id": "sticky",
                        "value": false,
                        "type": "switcher"
                    },
                    "sticky_height": {
                        "id": "sticky_height",
                        "value": 50,
                        "type": "slider"
                    },
                    "color_scheme": {
                        "id": "color_scheme",
                        "value": "dark",
                        "type": "selector"
                    },
                    "background": {
                        "id": "background",
                        "value": "",
                        "type": "bg"
                    },
                    "border": {
                        "id": "border",
                        "value": "",
                        "type": "border"
                    },
                    "shadow": {
                        "id": "shadow",
                        "value": false,
                        "type": "switcher"
                    }
                }
            }
        ]
    },
    "settings": {
        "overlap": {
            "id": "overlap",
            "value": false,
            "type": "switcher"
        },
        "boxed": {
            "id": "boxed",
            "value": false,
            "type": "switcher"
        },
        "full_width": {
            "id": "full_width",
            "value": true,
            "type": "switcher"
        },
        "dropdowns_dark": {
            "id": "dropdowns_dark",
            "value": false,
            "type": "switcher"
        },
        "sticky_shadow": {
            "id": "sticky_shadow",
            "value": false,
            "type": "switcher"
        },
        "hide_on_scroll": {
            "id": "hide_on_scroll",
            "value": true,
            "type": "switcher"
        },
        "sticky_effect": {
            "id": "sticky_effect",
            "value": "slide",
            "type": "selector"
        },
        "sticky_clone": {
            "id": "sticky_clone",
            "value": false,
            "type": "switcher"
        },
        "sticky_height": {
            "id": "sticky_height",
            "value": 50,
            "type": "slider"
        }
    }
}