{
    "products": {
        "henectus-tincidunt": "36653",
        "ornare-auctor": "36654",
        "eames-plastic-side-chair": "36652",
        "augue-adipiscing-euismod": "36650",
        "iphone-dock": "36656",
        "wine-bottle-lantern": "36657",
        "decoration-wooden-present": "36658",
        "panton-tunior-chair": "36655",
        "smart-watches-wood-edition": "36659",
        "wooden-single-drawer": "36660",
        "classic-wooden-chair": "36661",
        "eames-lounge-chair": "36651"
    }
}