{
    "site_width": "custom",
    "site_custom_width": "1320",
    "default_header": "header_878919",
    "sticky_toolbar": "0",
    "sticky_toolbar_fields": [
        "mobile",
        "link_1",
        "cart"
    ],
    "link_1_url": "#",
    "link_1_text": "Book now",
    "page-title-design": "centered",
    "page-title-size": "default",
    "title-background": {
        "color": "#0a0a0a",
        "url": "http:\/\/dummy.xtemos.com\/woodmart2\/elementor\/wp-content\/uploads\/sites\/2\/2025\/03\/wd-barbershop-page-title-opt.jpg",
        "id": "28444",
        "repeat": "",
        "size": "cover",
        "attachment": "",
        "position": "center center"
    },
    "disable_footer": "1",
    "footer_content_type": "html_block",
    "footer_html_block": "28433",
    "footer-bar-bg": {
        "color": "rgb(67,84,84)",
        "url": "",
        "id": "",
        "repeat": "",
        "size": "",
        "attachment": "",
        "position": ""
    },
    "footer-style": "light",
    "disable_copyrights": "1",
    "copyrights-layout": "centered",
    "copyrights": "<small><a href=\"https:\/\/woodmart.xtemos.com\"><strong>WOODMART<\/strong><\/a> <i class=\"fa fa-copyright\"><\/i>  2025 CREATED BY <a href=\"http:\/\/xtemos.com\"><strong>XTEMOS STUDIO<\/strong><\/a>. PREMIUM E-COMMERCE SOLUTIONS.<\/small>",
    "copyrights2": "",
    "prefooter_content_type": "text",
    "prefooter_area": "",
    "text-font": [
        {
            "google": "1",
            "font-family": "Heebo",
            "font-weight": "400",
            "font-style": "",
            "font-subset": "",
            "font-size": "16",
            "tablet": {
                "font-size": ""
            },
            "mobile": {
                "font-size": ""
            },
            "color": "#777777"
        }
    ],
    "primary-font": [
        {
            "google": "1",
            "font-family": "Readex Pro",
            "font-weight": "600",
            "font-style": "",
            "font-subset": "",
            "text-transform": "",
            "color": "#242424"
        }
    ],
    "post-titles-font": [
        {
            "google": "1",
            "font-family": "Readex Pro",
            "font-weight": "500",
            "font-style": "",
            "font-subset": "",
            "text-transform": "",
            "color": "#333333",
            "hover": {
                "color": "rgb(51 51 51 \/ 65%)"
            }
        }
    ],
    "secondary-font": [
        {
            "google": "1",
            "font-family": "Readex Pro",
            "font-weight": "400",
            "font-style": "",
            "font-subset": ""
        }
    ],
    "widget-titles-font": [
        {
            "google": "1",
            "font-family": "Readex Pro",
            "font-weight": "500",
            "font-style": "",
            "font-subset": "",
            "text-transform": "capitalize",
            "font-size": "16",
            "tablet": {
                "font-size": ""
            },
            "mobile": {
                "font-size": ""
            },
            "color": "#333"
        }
    ],
    "navigation-font": [
        {
            "google": "1",
            "font-family": "Readex Pro",
            "font-weight": "400",
            "font-style": "",
            "font-subset": "",
            "text-transform": "capitalize",
            "font-size": "15",
            "tablet": {
                "font-size": ""
            },
            "mobile": {
                "font-size": ""
            }
        }
    ],
    "advanced_typography": {
        "0": {
            "custom": "",
            "selector": [
                "tables_heading_title"
            ],
            "custom-selector": "",
            "google": "0",
            "font-family": "",
            "font-weight": "",
            "font-style": "",
            "font-subset": "",
            "text-transform": "capitalize",
            "font-size": "",
            "tablet": {
                "font-size": "",
                "line-height": ""
            },
            "mobile": {
                "font-size": "",
                "line-height": ""
            },
            "line-height": "",
            "color": "",
            "hover": {
                "color": ""
            }
        },
        "{{index}}": {
            "custom": "",
            "custom-selector": "",
            "google": "0",
            "font-family": "",
            "font-weight": "",
            "font-style": "",
            "font-subset": "",
            "text-transform": "",
            "font-size": "",
            "tablet": {
                "font-size": "",
                "line-height": ""
            },
            "mobile": {
                "font-size": "",
                "line-height": ""
            },
            "line-height": "",
            "color": "",
            "hover": {
                "color": ""
            }
        }
    },
    "primary-color": {
        "idle": "rgb(172,140,103)"
    },
    "secondary-color": {
        "idle": "rgb(67,84,84)"
    },
    "android_browser_bar_color": {
        "idle": "rgb(67,84,84)"
    },
    "pages-background": {
        "color": "rgb(248,248,248)",
        "url": "",
        "id": "",
        "repeat": "",
        "size": "",
        "attachment": "",
        "position": ""
    },
    "shop-background": {
        "color": "rgb(248,248,248)",
        "url": "",
        "id": "",
        "repeat": "",
        "size": "",
        "attachment": "",
        "position": ""
    },
    "product-background": {
        "color": "rgb(248,248,248)",
        "url": "",
        "id": "",
        "repeat": "",
        "size": "",
        "attachment": "",
        "position": ""
    },
    "blog-background": {
        "color": "rgb(248,248,248)",
        "url": "",
        "id": "",
        "repeat": "",
        "size": "",
        "attachment": "",
        "position": ""
    },
    "blog-post-background": {
        "color": "rgb(248,248,248)",
        "url": "",
        "id": "",
        "repeat": "",
        "size": "",
        "attachment": "",
        "position": ""
    },
    "portfolio-background": {
        "color": "rgb(248,248,248)",
        "url": "",
        "id": "",
        "repeat": "",
        "size": "",
        "attachment": "",
        "position": ""
    },
    "portfolio-project-background": {
        "color": "rgb(248,248,248)",
        "url": "",
        "id": "",
        "repeat": "",
        "size": "",
        "attachment": "",
        "position": ""
    },
     "btns_default_bg": {
        "idle": "rgb(36,36,36)"
    },
    "btns_default_color_scheme": "light",
    "btns_default_bg_hover": {
        "idle": "rgb(51,51,51)"
    },
    "btns_default_color_scheme_hover": "light",
    "btns_default_color_scheme_custom": {
        "idle": "rgb(157,127,94)"
    },
    "btns_default_color_scheme_hover_custom": {
        "idle": "rgb(157,127,94)"
    },
    "btns_shop_style": "flat",
    "btns_shop_bg": {
        "idle": "rgb(172,140,103)"
    },
    "btns_shop_bg_hover": {
        "idle": "rgb(157,127,94)"
    },
    "label_shape": "rectangular",
    "sale_label_bg_color": {
        "idle": "rgb(172,140,103)"
    },
    "new_label_bg_color": {
        "idle": "rgb(172,140,103)"
    },
    "product_page_brand": "0",
    "brand_tab": "0",
    "compare": "0",
    "cart_totals_layout": "layout-2",
    "update_cart_quantity_change": "1",
    "checkout_show_product_image": "1",
    "checkout_product_quantity": "1",
    "checkout_remove_button": "1",
    "checkout_link_to_product": "1",
    "products_hover": "info",
    "shop_categories": "0",
    "reviews_location": "separate",
    "hide_tabs_titles": "1",
    "enable_reviews_tab": "1",
    "promo_popup": "1",
    "promo_popup_content_type": "html_block",
    "popup_html_block": "28598",
    "popup-background": {
        "color": "rgb(255,255,255)",
        "url": "",
        "id": "",
        "repeat": "no-repeat",
        "size": "contain",
        "attachment": "",
        "position": "left center"
    },
    "popup_color_scheme": "dark",
    "popup_width": "900",
    "promo_popup_hide_mobile": "0",
    "custom_product_tabs_enabled": "1",
    "legacy_product_tabs_enabled": "0"
}