<?xml version="1.0" encoding="UTF-8" ?>
	<!-- This is a WordPress eXtended RSS file generated by WordPress as an export of your site. -->
	<!-- It contains information about your site's posts, pages, comments, categories, and other content. -->
	<!-- You may use this file to transfer that content from one site to another. -->
	<!-- This file is not intended to serve as a complete backup of your site. -->

	<!-- To import this information into a WordPress site follow these steps: -->
	<!-- 1. Log in to that site as an administrator. -->
	<!-- 2. Go to Tools: Import in the WordPress admin panel. -->
	<!-- 3. Install the "WordPress" importer from the list. -->
	<!-- 4. Activate & Run Importer. -->
	<!-- 5. Upload this file using the form provided on that page. -->
	<!-- 6. You will first be asked to map the authors in this export file to users -->
	<!--    on the site. For each author, you may choose to map to an -->
	<!--    existing user on the site or to create a new user. -->
	<!-- 7. WordPress will then import each of the posts, pages, comments, categories, etc. -->
	<!--    contained in this file into your site. -->

	<!-- generator="WordPress/6.5.5" created="2024-10-25 07:59" -->
<rss version="2.0"
	xmlns:excerpt="http://wordpress.org/export/1.2/excerpt/"
	xmlns:content="http://purl.org/rss/1.0/modules/content/"
	xmlns:wfw="http://wellformedweb.org/CommentAPI/"
	xmlns:dc="http://purl.org/dc/elements/1.1/"
	xmlns:wp="http://wordpress.org/export/1.2/"
>

<channel>
	<title>Gutenberg base</title>
	<link>https://dummy.xtemos.com/woodmart2/gutenberg</link>
	<description></description>
	<pubDate>Fri, 25 Oct 2024 07:59:40 +0000</pubDate>
	<language>en-US</language>
	<wp:wxr_version>1.2</wp:wxr_version>
	<wp:base_site_url>https://dummy.xtemos.com/woodmart2/</wp:base_site_url>
	<wp:base_blog_url>https://dummy.xtemos.com/woodmart2/gutenberg</wp:base_blog_url>

		<wp:author><wp:author_id>2</wp:author_id><wp:author_login><![CDATA[zakhar]]></wp:author_login><wp:author_email><![CDATA[zak@asda.as]]></wp:author_email><wp:author_display_name><![CDATA[Mr. Mackay]]></wp:author_display_name><wp:author_first_name><![CDATA[sds]]></wp:author_first_name><wp:author_last_name><![CDATA[scssc]]></wp:author_last_name></wp:author>
	<wp:author><wp:author_id>491</wp:author_id><wp:author_login><![CDATA[Ethan Smith]]></wp:author_login><wp:author_email><![CDATA[ethan_smith@asda.as]]></wp:author_email><wp:author_display_name><![CDATA[Ethan Smith]]></wp:author_display_name><wp:author_first_name><![CDATA[Ethan]]></wp:author_first_name><wp:author_last_name><![CDATA[Smith]]></wp:author_last_name></wp:author>

					<wp:term>
			<wp:term_id>0</wp:term_id>
			<wp:term_taxonomy><![CDATA[]]></wp:term_taxonomy>
			<wp:term_slug><![CDATA[]]></wp:term_slug>
			<wp:term_parent><![CDATA[]]></wp:term_parent>
					</wp:term>
		
	<generator>https://wordpress.org/?v=6.5.5</generator>

					<item>
					<title><![CDATA[wood-logo-white-reserve]]></title>
					<link>https://dummy.xtemos.com/woodmart2/gutenberg/wood-logo-white-reserve/</link>
					<pubDate>Wed, 21 Jun 2017 08:17:11 +0000</pubDate>
					<dc:creator><![CDATA[zakhar]]></dc:creator>
					<guid isPermaLink="false">http://dummy.xtemos.com/woodmart2/gutenberg/wp-content/uploads/sites/24/2017/06/wood-logo-white-reserve.svg</guid>
															<wp:post_id>302</wp:post_id>
					<wp:post_date><![CDATA[2017-06-21 08:17:11]]></wp:post_date>
					<wp:post_date_gmt><![CDATA[2017-06-21 08:17:11]]></wp:post_date_gmt>
					<wp:post_modified><![CDATA[2024-04-16 13:18:51]]></wp:post_modified>
					<wp:post_modified_gmt><![CDATA[2024-04-16 13:18:51]]></wp:post_modified_gmt>
					<wp:comment_status><![CDATA[open]]></wp:comment_status>
					<wp:post_name><![CDATA[wood-logo-white-reserve]]></wp:post_name>
					<wp:status><![CDATA[inherit]]></wp:status>
					<wp:post_parent>0</wp:post_parent>
					<wp:menu_order>0</wp:menu_order>
					<wp:post_type><![CDATA[attachment]]></wp:post_type>
											<wp:attachment_url><![CDATA[https://dummy.xtemos.com/woodmart2/gutenberg/wp-content/uploads/sites/24/2017/06/wood-logo-white-reserve.svg]]></wp:attachment_url>
																					<wp:postmeta>
							<wp:meta_key><![CDATA[_wp_attached_file]]></wp:meta_key>
							<wp:meta_value><![CDATA[2017/06/wood-logo-white-reserve.svg]]></wp:meta_value>
						</wp:postmeta>
										</item>
								<item>
					<title><![CDATA[Old About us]]></title>
					<link>https://dummy.xtemos.com/woodmart2/gutenberg/about-us/</link>
					<pubDate>Thu, 01 Aug 2024 14:43:05 +0000</pubDate>
					<dc:creator><![CDATA[Ethan Smith]]></dc:creator>
					<guid isPermaLink="false">https://dummy.xtemos.com/woodmart2/gutenberg/?page_id=27283</guid>
											<content:encoded><![CDATA[<!-- wp:wd/section {"blockId":"d837e10a-1a16-4a4a-8c19-fe14993db23d","blockGap":10,"colorScheme":"light","bgImage":{"id":27287,"url":"https://dummy.xtemos.com/woodmart2/gutenberg/wp-content/uploads/sites/24/2024/08/old-about-us-bg.jpg"},"bgPosition":"center center","bgDisplaySize":"cover","paddingTop":"320","paddingBottom":"250","marginBottom":"80","paddingTopMobile":"150","paddingBottomMobile":"150","marginBottomTablet":"60","marginBottomMobile":"40"} -->
<div id="wd-d837e10a" class="wp-block-wd-section color-scheme-light"><!-- wp:wd/paragraph {"blockId":"12285301-16ce-44f2-80b7-f8e78f7b3fb3","textAlign":"center","tpFontVariant":"600","tpFontWeight":"600"} -->
<p id="wd-12285301" class="wp-block-wd-paragraph wd-align">XTEMOS IS A CREATIVE DESIGN AGENCY</p>
<!-- /wp:wd/paragraph -->

<!-- wp:wd/title {"blockId":"9139aa19-4b55-40fd-9040-deae7bdc4b0f","textAlign":"center","content":"Our success and company history.​","tpFontSize":"46","tpLineHeight":"1.2","alignSelf":"center","displayWidth":"custom","customWidth":"480","tpFontSizeTablet":"30","tpFontSizeMobile":"26","tpLineHeightUnits":"em"} -->
<h2 id="wd-9139aa19" class="wp-block-wd-title title wd-align wd-custom-width wd-align-s-center">Our success and company history.​</h2>
<!-- /wp:wd/title -->

<!-- wp:wd/paragraph {"blockId":"fb79fff9-d7a2-4b41-960d-d3a79cab9c77","textAlign":"center","alignSelf":"center","displayWidth":"custom","customWidth":"480"} -->
<p id="wd-fb79fff9" class="wp-block-wd-paragraph wd-align wd-custom-width wd-align-s-center">A wonderful serenity has taken possession of my entire soul, like these sweet mornings of spring which I enjoy with my whole heart.​</p>
<!-- /wp:wd/paragraph -->

<!-- wp:wd/container {"blockId":"78e4280c-a382-4c40-87f4-0b143c160ed8","direction":"row","justify":"center","marginTop":"20"} -->
<div id="wd-78e4280c" class="wp-block-wd-container wd-dir-row"><!-- wp:wd/button {"blockId":"d45648a1-04c8-4191-93ee-41af122a664c","predefinedColor":"white"} -->
<a id="wd-d45648a1" class="wp-block-wd-button btn btn-style-default btn-color-white btn-size-default btn-shape-rectangle" href="#"><span>See projects</span></a>
<!-- /wp:wd/button -->

<!-- wp:wd/button {"blockId":"a71ab5db-c8bb-44e5-9f85-a912ffb02207","design":"bordered","predefinedColor":"white","colorHoverCode":"#ffffff","bgHoverColorCode":"rgba(0,0,0,0)"} -->
<a id="wd-a71ab5db" class="wp-block-wd-button btn btn-style-bordered btn-color-white btn-size-default btn-shape-rectangle" href="#"><span>View More</span></a>
<!-- /wp:wd/button --></div>
<!-- /wp:wd/container --></div>
<!-- /wp:wd/section -->

<!-- wp:wd/container {"blockId":"eda6b665-b841-4114-b413-367c83ee5fde","rowGap":"","marginBottom":"80","displayWidth":"custom","customWidth":"800","marginBottomTablet":"60","marginBottomMobile":"40"} -->
<div id="wd-eda6b665" class="wp-block-wd-container wd-dir-col wd-custom-width"><!-- wp:wd/title {"blockId":"9f7ca5b8-ecd1-4801-892b-e3658c98fc85","content":"About Our Online Store","tpFontSize":"46","tpLineHeight":"1.2","tpFontSizeTablet":"30","tpFontSizeMobile":"26","tpLineHeightUnits":"em"} -->
<h2 id="wd-9f7ca5b8" class="wp-block-wd-title title">About Our Online Store</h2>
<!-- /wp:wd/title -->

<!-- wp:wd/paragraph {"blockId":"d763cabe-e4a6-4d30-b4dc-e9e04e2822de","tpFontSize":"20","tpFontSizeTablet":"16"} -->
<p id="wd-d763cabe" class="wp-block-wd-paragraph">WOODMART - BEST ECOMMERCE THEME 2024/25</p>
<!-- /wp:wd/paragraph -->

<!-- wp:wd/paragraph {"blockId":"646bb18b-676d-45c7-b979-b125d59f49fe","tpFontSize":"22"} -->
<p id="wd-646bb18b" class="wp-block-wd-paragraph"><em>Risus suspendisse a orci penatibus a felis suscipit consectetur vestibulum sodales dui cum ultricies lacus interdum. Per suspendisse adipiscing a suspendisse auctor nibh a et at curae condimentum suspendisse enim a eu scelerisque.</em></p>
<!-- /wp:wd/paragraph -->

<!-- wp:wd/row {"blockId":"1bd78ba8-be2f-4697-8c38-8a343082ca5a","columnsGapMobile":20} -->
<div id="wd-1bd78ba8" class="wp-block-wd-row"><!-- wp:wd/column {"blockId":"7853871d-fa3d-4ad5-bac7-754b6ce74fc2","adjacentCount":2} -->
<div id="wd-7853871d" class="wp-block-wd-column"><!-- wp:wd/paragraph {"blockId":"03d28abb-f501-4f04-bfdc-d55ebec04929"} -->
<p id="wd-03d28abb" class="wp-block-wd-paragraph">One morning, when Gregor Samsa woke from troubled dreams, he found himself transformed in his bed into a horrible vermin. He lay on his armour-like back, and if he lifted his head a little he could see his brown belly, slightly domed and divided by arches into stiff.</p>
<!-- /wp:wd/paragraph -->

<!-- wp:wd/paragraph {"blockId":"63a06796-ec39-451d-b77c-190629e37dd8"} -->
<p id="wd-63a06796" class="wp-block-wd-paragraph">Dictumst per ante cras suscipit nascetur ullamcorper in nullam fermentum condimentum torquent iaculis reden posuere potenti viverra condimentum dictumst id tellus suspendisse convallis condimentum.</p>
<!-- /wp:wd/paragraph --></div>
<!-- /wp:wd/column -->

<!-- wp:wd/column {"blockId":"0630a7ef-340c-40f2-a009-53c425b53a85","adjacentCount":2} -->
<div id="wd-0630a7ef" class="wp-block-wd-column"><!-- wp:wd/paragraph {"blockId":"9ca83067-5257-4354-af1c-24b32afd0f8f"} -->
<p id="wd-9ca83067" class="wp-block-wd-paragraph">His room, a proper human room although a little too small, lay peacefully between its four familiar walls. A collection of textile samples lay spread out on the table – Samsa was a travelling salesman.</p>
<!-- /wp:wd/paragraph -->

<!-- wp:wd/paragraph {"blockId":"7d03021a-934b-453d-b16d-b8b129b82138"} -->
<p id="wd-7d03021a" class="wp-block-wd-paragraph">The bedding was hardly able to cover it and seemed ready to slide off any moment. His many legs, pitifully thin compared with the size of the rest of him, waved about helplessly as he looked. “What’s happened to me?” he thought. It wasn’t a dream.</p>
<!-- /wp:wd/paragraph --></div>
<!-- /wp:wd/column --></div>
<!-- /wp:wd/row -->

<!-- wp:wd/divider {"blockId":"b552b1a0-3704-41ef-bec6-6a0c257ea214","marginTop":"10","marginBottom":"10"} -->
<div id="wd-b552b1a0" class="wp-block-wd-divider wd-style-line"></div>
<!-- /wp:wd/divider -->

<!-- wp:wd/container {"blockId":"d484f62a-15dc-4556-8fa4-529747a0f8af","direction":"row","justify":"space-between","align":"center","wrap":"wrap"} -->
<div id="wd-d484f62a" class="wp-block-wd-container wd-dir-row wd-align-is-lg-center"><!-- wp:wd/paragraph {"blockId":"7df02430-51cc-47d6-afb7-5c46a9efa381","colorCode":"#333333","tpFontSize":"14","tpFontVariant":"600","tpFontWeight":"600","markColorCode":"#cd1d1d"} -->
<p id="wd-7df02430" class="wp-block-wd-paragraph"><em>Developed by <span class="wd-highlight">X</span>temos Studio @ 2024.</em></p>
<!-- /wp:wd/paragraph -->

<!-- wp:wd/social-buttons {"blockId":"1c208df2-31b1-4328-8b57-d7757e6ce894","style":"bordered","size":"small"} /--></div>
<!-- /wp:wd/container --></div>
<!-- /wp:wd/container -->

<!-- wp:wd/section {"blockId":"6140b7bc-2121-4895-a925-4d59cf4541b8","colorScheme":"light","bgImage":{"id":27324,"url":"https://dummy.xtemos.com/woodmart2/gutenberg/wp-content/uploads/sites/24/2024/08/old-about-us-bg-2.jpg"},"bgDisplaySize":"cover","bgHoverImage":{"id":"","url":""},"paddingTop":"80","paddingBottom":"80","marginBottom":"80","bgDisplaySizeTablet":"cover","paddingTopTablet":"60","paddingTopMobile":"40","paddingBottomTablet":"60","paddingBottomMobile":"40","marginBottomTablet":"60","marginBottomMobile":"40"} -->
<div id="wd-6140b7bc" class="wp-block-wd-section color-scheme-light"><!-- wp:wd/row {"blockId":"173ab8f0-15d8-43f6-9996-40eea71d1f90","columnsGap":0,"columnsGapTablet":30} -->
<div id="wd-173ab8f0" class="wp-block-wd-row"><!-- wp:wd/column {"blockId":"5844915f-be95-4c6c-ab46-bec1562dbdf3","adjacentCount":2,"colWidth":62,"blocksGap":0,"colorScheme":"light","adjacentCountTablet":1,"adjacentCountMobile":2,"colWidthTablet":100,"flexOrderTablet":"1"} -->
<div id="wd-5844915f" class="wp-block-wd-column color-scheme-light"><!-- wp:wd/row {"blockId":"7b14ffd3-005c-430c-86b1-7e90a39bf429","columnsGap":0,"borderType":"solid","borderColorCode":"rgba(255,255,255,0.3)","borderWidthBottom":"1","borderWidthLock":false} -->
<div id="wd-7b14ffd3" class="wp-block-wd-row"><!-- wp:wd/column {"blockId":"fb7ff922-8e1b-4988-b033-3d65ebea4f3e","adjacentCount":2,"textAlign":"center","paddingTop":"35","paddingRight":"15","paddingBottom":"35","paddingLeft":"15","borderType":"solid","borderColorCode":"rgba(255,255,255,0.3)","borderWidthRight":"1","borderWidthLock":false,"adjacentCountMobile":2,"colWidthMobile":50} -->
<div id="wd-fb7ff922" class="wp-block-wd-column wd-align"><!-- wp:wd/animated-counter {"blockId":"1355bb71-2690-4ba0-86d2-b8bcf66f2b42","value":"386","valueTpFontSize":"44","valueTpFontVariant":"600","valueTpFontWeight":"600","valueTpFontSizeTablet":"30"} -->
<div id="wd-1355bb71" class="wp-block-wd-animated-counter"><span data-state="new" data-final="386">0</span></div>
<!-- /wp:wd/animated-counter -->

<!-- wp:wd/paragraph {"blockId":"3c5e972b-af65-4aba-8414-0809f8b74146","tpFontSize":"20","tpFontSizeTablet":"16"} -->
<p id="wd-3c5e972b" class="wp-block-wd-paragraph">SATISFIED CLIENTS</p>
<!-- /wp:wd/paragraph --></div>
<!-- /wp:wd/column -->

<!-- wp:wd/column {"blockId":"24cf6859-0fee-48c4-9d69-cc5dab72b9a3","adjacentCount":2,"textAlign":"center","paddingTop":"35","paddingRight":"15","paddingBottom":"35","paddingLeft":"15","adjacentCountMobile":2,"colWidthMobile":50} -->
<div id="wd-24cf6859" class="wp-block-wd-column wd-align"><!-- wp:wd/animated-counter {"blockId":"bfead99a-b118-4991-b3ed-afe84e7500f9","value":"275","valueTpFontSize":"44","valueTpFontSizeTablet":"30"} -->
<div id="wd-bfead99a" class="wp-block-wd-animated-counter"><span data-state="new" data-final="275">0</span></div>
<!-- /wp:wd/animated-counter -->

<!-- wp:wd/paragraph {"blockId":"ef8688b7-025e-4b57-9261-066c5d9cc4ce","tpFontSize":"20","tpFontSizeTablet":"16"} -->
<p id="wd-ef8688b7" class="wp-block-wd-paragraph">FINISHED PROJECTS</p>
<!-- /wp:wd/paragraph --></div>
<!-- /wp:wd/column --></div>
<!-- /wp:wd/row -->

<!-- wp:wd/row {"blockId":"9548856b-6136-4ca7-a6a1-0d3d0992cf0c","columnsGap":0,"borderType":"solid","borderColorCode":"rgba(255,255,255,0.3)","borderWidthBottom":"1","borderWidthLock":false} -->
<div id="wd-9548856b" class="wp-block-wd-row"><!-- wp:wd/column {"blockId":"7a8c9ebf-94a2-4089-a07e-8a2c2f22489f","adjacentCount":2,"textAlign":"center","paddingTop":"35","paddingRight":"15","paddingBottom":"35","paddingLeft":"15","borderType":"solid","borderColorCode":"rgba(255,255,255,0.3)","borderWidthRight":"1","borderWidthLock":false,"adjacentCountMobile":2,"colWidthMobile":50} -->
<div id="wd-7a8c9ebf" class="wp-block-wd-column wd-align"><!-- wp:wd/animated-counter {"blockId":"e3e21c9f-f8ea-4c83-be38-5a290bd3ab1c","value":"15","valueTpFontSize":"44","valueTpFontVariant":"600","valueTpFontWeight":"600","valueTpFontSizeTablet":"30"} -->
<div id="wd-e3e21c9f" class="wp-block-wd-animated-counter"><span data-state="new" data-final="15">0</span></div>
<!-- /wp:wd/animated-counter -->

<!-- wp:wd/paragraph {"blockId":"a956e82b-0ad0-4b13-b8c2-bffa07ccd65a","tpFontSize":"20","tpFontSizeTablet":"16"} -->
<p id="wd-a956e82b" class="wp-block-wd-paragraph">TEAM MEMBERS</p>
<!-- /wp:wd/paragraph --></div>
<!-- /wp:wd/column -->

<!-- wp:wd/column {"blockId":"547d342f-15ac-469d-8eba-16c512a2483a","adjacentCount":2,"textAlign":"center","paddingTop":"35","paddingRight":"15","paddingBottom":"35","paddingLeft":"15","adjacentCountMobile":2,"colWidthMobile":50} -->
<div id="wd-547d342f" class="wp-block-wd-column wd-align"><!-- wp:wd/animated-counter {"blockId":"f9b62fb3-248a-44f1-846e-223c98b3d764","value":"4","valueTpFontSize":"44","valueTpFontVariant":"600","valueTpFontWeight":"600","valueTpFontSizeTablet":"30"} -->
<div id="wd-f9b62fb3" class="wp-block-wd-animated-counter"><span data-state="new" data-final="4">0</span></div>
<!-- /wp:wd/animated-counter -->

<!-- wp:wd/paragraph {"blockId":"64e7bea7-a34d-4aa6-b9ef-ccc65133c9f6","tpFontSize":"20","tpFontSizeTablet":"16"} -->
<p id="wd-64e7bea7" class="wp-block-wd-paragraph">OFFICES</p>
<!-- /wp:wd/paragraph --></div>
<!-- /wp:wd/column --></div>
<!-- /wp:wd/row -->

<!-- wp:wd/row {"blockId":"cba9bb4d-7c01-43ec-a896-f62e86f9c88d","columnsGap":0} -->
<div id="wd-cba9bb4d" class="wp-block-wd-row"><!-- wp:wd/column {"blockId":"b45998e7-d446-4b9f-8864-e3c3438c480e","adjacentCount":2,"textAlign":"center","paddingTop":"35","paddingRight":"15","paddingBottom":"35","paddingLeft":"15","borderType":"solid","borderColorCode":"rgba(255,255,255,0.3)","borderWidthRight":"1","borderWidthLock":false,"adjacentCountMobile":2,"colWidthMobile":50} -->
<div id="wd-b45998e7" class="wp-block-wd-column wd-align"><!-- wp:wd/animated-counter {"blockId":"007c6e34-6513-4633-b984-2b4c3edfad7b","value":"255","valueTpFontSize":"44","valueTpFontVariant":"600","valueTpFontWeight":"600","valueTpFontSizeTablet":"30"} -->
<div id="wd-007c6e34" class="wp-block-wd-animated-counter"><span data-state="new" data-final="255">0</span></div>
<!-- /wp:wd/animated-counter -->

<!-- wp:wd/paragraph {"blockId":"3b554881-f03e-4e35-8714-926580816dc3","tpFontSize":"20","tpFontSizeTablet":"16"} -->
<p id="wd-3b554881" class="wp-block-wd-paragraph">SATISFIED CLIENTS</p>
<!-- /wp:wd/paragraph --></div>
<!-- /wp:wd/column -->

<!-- wp:wd/column {"blockId":"ef082330-6cf5-49e6-ac42-6c98584aced3","adjacentCount":2,"textAlign":"center","paddingTop":"35","paddingRight":"15","paddingBottom":"35","paddingLeft":"15","adjacentCountMobile":2,"colWidthMobile":50} -->
<div id="wd-ef082330" class="wp-block-wd-column wd-align"><!-- wp:wd/animated-counter {"blockId":"cbcf6ac2-8c7e-4c53-af1b-a551526bf63b","value":"156","valueTpFontSize":"44","valueTpFontVariant":"600","valueTpFontWeight":"600","valueTpFontSizeTablet":"30"} -->
<div id="wd-cbcf6ac2" class="wp-block-wd-animated-counter"><span data-state="new" data-final="156">0</span></div>
<!-- /wp:wd/animated-counter -->

<!-- wp:wd/paragraph {"blockId":"c0ebf7d6-6e65-4319-a817-48659f41ae58","tpFontSize":"20","tpFontSizeTablet":"16"} -->
<p id="wd-c0ebf7d6" class="wp-block-wd-paragraph">DESIGN WORKS</p>
<!-- /wp:wd/paragraph --></div>
<!-- /wp:wd/column --></div>
<!-- /wp:wd/row --></div>
<!-- /wp:wd/column -->

<!-- wp:wd/column {"blockId":"b120b026-d73c-4c17-98a1-1570ae018e0b","adjacentCount":2,"colWidth":38,"blocksGap":20,"justifyContent":"center","paddingRight":"30","paddingLeft":"40","adjacentCountTablet":1,"adjacentCountMobile":2,"colWidthTablet":100,"textAlignTablet":"center","paddingRightMobile":"0","paddingLeftMobile":"0"} -->
<div id="wd-b120b026" class="wp-block-wd-column wd-align"><!-- wp:wd/title {"blockId":"a0b4375d-8cd7-4953-8e03-c4b1b8f21194","content":"We convert your idea Into a reality.","tpFontSize":"46","tpLineHeight":"1.2","displayWidth":"custom","customWidth":"440","tpFontSizeTablet":"30","tpFontSizeMobile":"26","tpLineHeightUnits":"em"} -->
<h2 id="wd-a0b4375d" class="wp-block-wd-title title wd-custom-width">We convert your idea Into a reality.</h2>
<!-- /wp:wd/title -->

<!-- wp:wd/paragraph {"blockId":"6339d216-6dd3-410d-a934-7405b243e5f3","tpFontSize":"20","tpFontSizeTablet":"16"} -->
<p id="wd-6339d216" class="wp-block-wd-paragraph">WOODMART - BEST ECOMMERCE THEME 2024/25</p>
<!-- /wp:wd/paragraph -->

<!-- wp:wd/paragraph {"blockId":"e31fc632-1188-4ad2-8f48-087b7ffa3de4"} -->
<p id="wd-e31fc632" class="wp-block-wd-paragraph">One morning, when Gregor Samsa woke from troubled dreams, he found himself transformed in his bed into a horrible vermin. He lay on his armour-like back, and if he lifted his head a little he could see his brown belly, slightly domed and divided by arches into stiff His room, a proper human room although a little too smalls.</p>
<!-- /wp:wd/paragraph -->

<!-- wp:wd/container {"blockId":"eea76730-6669-4fff-b296-b7c90a0b48d8","direction":"row"} -->
<div id="wd-eea76730" class="wp-block-wd-container wd-dir-row"><!-- wp:wd/button {"blockId":"671fad2d-9e16-4ea2-92ae-64e4ff2b29f8","predefinedColor":"white"} -->
<a id="wd-671fad2d" class="wp-block-wd-button btn btn-style-default btn-color-white btn-size-default btn-shape-rectangle" href="#"><span>See projects</span></a>
<!-- /wp:wd/button -->

<!-- wp:wd/button {"blockId":"2cc60fe8-fa4b-4900-9ae8-8644f7dc43eb","design":"bordered","predefinedColor":"white","colorCode":"#fefefe","bgHoverColorCode":"rgba(0,0,0,0)"} -->
<a id="wd-2cc60fe8" class="wp-block-wd-button btn btn-style-bordered btn-color-white btn-size-default btn-shape-rectangle" href="#"><span>View more</span></a>
<!-- /wp:wd/button --></div>
<!-- /wp:wd/container --></div>
<!-- /wp:wd/column --></div>
<!-- /wp:wd/row --></div>
<!-- /wp:wd/section -->

<!-- wp:wd/row {"blockId":"265d95df-86a8-420c-88a5-d6de3a6b024e","marginBottom":"80","columnsGapTablet":40,"marginBottomTablet":"60","marginBottomMobile":"40"} -->
<div id="wd-265d95df" class="wp-block-wd-row"><!-- wp:wd/column {"blockId":"22b384c7-2444-423e-9f22-d0b2eb72902b","adjacentCount":2,"justifyContent":"center","adjacentCountTablet":1,"colWidthTablet":100} -->
<div id="wd-22b384c7" class="wp-block-wd-column"><!-- wp:wd/title {"blockId":"ac5d25e6-b6cc-48c5-b6d7-626a52350e7f","content":"Let’s Get Creative!","tpFontSize":"46","tpLineHeight":"1.2","tpFontSizeTablet":"30","tpFontSizeMobile":"26","tpLineHeightUnits":"em"} -->
<h2 id="wd-ac5d25e6" class="wp-block-wd-title title">Let’s Get Creative!</h2>
<!-- /wp:wd/title -->

<!-- wp:wd/paragraph {"blockId":"cfef2f92-cb09-492d-b4f5-66c9a5632e57","tpFontSize":"20","tpFontSizeTablet":"16"} -->
<p id="wd-cfef2f92" class="wp-block-wd-paragraph">WOODMART - BEST ECOMMERCE THEME 2024/∞</p>
<!-- /wp:wd/paragraph -->

<!-- wp:wd/row {"blockId":"3b871220-40db-40de-90ea-9f83812c7321"} -->
<div id="wd-3b871220" class="wp-block-wd-row"><!-- wp:wd/column {"blockId":"5b4e1d1e-2902-4327-8ba5-4c090ee80198","adjacentCount":2,"blocksGap":30} -->
<div id="wd-5b4e1d1e" class="wp-block-wd-column"><!-- wp:wd/infobox {"blockId":"c809e446-2dc1-41aa-a2e2-a9f7b7ffc800","iconPositionHorizontal":"start","iconPositionVertical":"center"} -->
<div id="wd-c809e446" class="wp-block-wd-infobox wd-hover-parent wd-icon-start"><a class="wd-block-infobox-link wd-fill" href="#" aria-label="Infobox link"></a><!-- wp:wd/icon {"blockId":"df8f6580-4e45-48f8-b505-546e989617aa","image":{"id":27346,"url":"https://dummy.xtemos.com/woodmart2/gutenberg/wp-content/uploads/sites/24/2024/08/about-us-ruler.png"},"width":"70"} -->
<div id="wd-df8f6580" class="wp-block-wd-icon"><img class="wp-image-27346" src="https://dummy.xtemos.com/woodmart2/gutenberg/wp-content/uploads/sites/24/2024/08/about-us-ruler.png" /></div>
<!-- /wp:wd/icon -->

<!-- wp:wd/container {"blockId":"7c998651-3652-47e5-98ff-4c499b991f1d","metadata":{"name":"Infobox content"}} -->
<div id="wd-7c998651" class="wp-block-wd-container wd-dir-col"><!-- wp:wd/title {"blockId":"58edf31f-0637-43af-a788-c2ee1beca8fc","content":"GRAPHIC DESiGN","tpFontSize":"16"} -->
<h2 id="wd-58edf31f" class="wp-block-wd-title title">GRAPHIC DESiGN</h2>
<!-- /wp:wd/title -->

<!-- wp:wd/paragraph {"blockId":"afd643a8-1e6f-4bbc-9025-7a1dd282f1df"} -->
<p id="wd-afd643a8" class="wp-block-wd-paragraph">Curabitur lacinia tristique velit ut laoreet.</p>
<!-- /wp:wd/paragraph --></div>
<!-- /wp:wd/container --></div>
<!-- /wp:wd/infobox --></div>
<!-- /wp:wd/column -->

<!-- wp:wd/column {"blockId":"7d109769-17ef-4ffd-b0fc-70f112fb0041","adjacentCount":2,"blocksGap":30} -->
<div id="wd-7d109769" class="wp-block-wd-column"><!-- wp:wd/infobox {"blockId":"760c3191-3b69-40f8-a524-61c367b10d89","iconPositionHorizontal":"start","iconPositionVertical":"center"} -->
<div id="wd-760c3191" class="wp-block-wd-infobox wd-hover-parent wd-icon-start"><a class="wd-block-infobox-link wd-fill" href="#" aria-label="Infobox link"></a><!-- wp:wd/icon {"blockId":"2780e8fe-bcba-4571-9a5e-804da271f0d9","image":{"id":27343,"url":"https://dummy.xtemos.com/woodmart2/gutenberg/wp-content/uploads/sites/24/2024/08/about-us-paint-palette.png"},"width":"70"} -->
<div id="wd-2780e8fe" class="wp-block-wd-icon"><img class="wp-image-27343" src="https://dummy.xtemos.com/woodmart2/gutenberg/wp-content/uploads/sites/24/2024/08/about-us-paint-palette.png" /></div>
<!-- /wp:wd/icon -->

<!-- wp:wd/container {"blockId":"8c2c407e-36e1-4e19-8711-e11d7a14a619","metadata":{"name":"Infobox content"}} -->
<div id="wd-8c2c407e" class="wp-block-wd-container wd-dir-col"><!-- wp:wd/title {"blockId":"272a7029-a9d7-4a82-ac94-a3f29b2f5c1f","content":"BRANDING","tpFontSize":"16"} -->
<h2 id="wd-272a7029" class="wp-block-wd-title title">BRANDING</h2>
<!-- /wp:wd/title -->

<!-- wp:wd/paragraph {"blockId":"51b2c0b4-f746-482d-b55e-d9eabde83f6b"} -->
<p id="wd-51b2c0b4" class="wp-block-wd-paragraph">Fact that a reader will be distracted.</p>
<!-- /wp:wd/paragraph --></div>
<!-- /wp:wd/container --></div>
<!-- /wp:wd/infobox --></div>
<!-- /wp:wd/column --></div>
<!-- /wp:wd/row -->

<!-- wp:wd/row {"blockId":"a13bc5c4-4311-409d-aac5-fd504845964a"} -->
<div id="wd-a13bc5c4" class="wp-block-wd-row"><!-- wp:wd/column {"blockId":"0076c18f-3347-4651-9636-fecff2887310","adjacentCount":2,"blocksGap":30} -->
<div id="wd-0076c18f" class="wp-block-wd-column"><!-- wp:wd/infobox {"blockId":"3dcc1f1d-d8e2-4983-9f1e-5f1564a229f7","iconPositionHorizontal":"start","iconPositionVertical":"center"} -->
<div id="wd-3dcc1f1d" class="wp-block-wd-infobox wd-hover-parent wd-icon-start"><a class="wd-block-infobox-link wd-fill" href="#" aria-label="Infobox link"></a><!-- wp:wd/icon {"blockId":"4eac8acb-7e7b-497a-9cb5-f77a55eb5702","image":{"id":27344,"url":"https://dummy.xtemos.com/woodmart2/gutenberg/wp-content/uploads/sites/24/2024/08/about-us-pen.png"},"width":"70"} -->
<div id="wd-4eac8acb" class="wp-block-wd-icon"><img class="wp-image-27344" src="https://dummy.xtemos.com/woodmart2/gutenberg/wp-content/uploads/sites/24/2024/08/about-us-pen.png" /></div>
<!-- /wp:wd/icon -->

<!-- wp:wd/container {"blockId":"c39f57ae-f449-4c93-8778-3fd56c24b6d0","metadata":{"name":"Infobox content"}} -->
<div id="wd-c39f57ae" class="wp-block-wd-container wd-dir-col"><!-- wp:wd/title {"blockId":"e1048e9e-182c-4f27-ac6d-736526b7d74b","content":"WEB DESIGN","tpFontSize":"16"} -->
<h2 id="wd-e1048e9e" class="wp-block-wd-title title">WEB DESIGN</h2>
<!-- /wp:wd/title -->

<!-- wp:wd/paragraph {"blockId":"c6032da6-b63a-424f-a7fd-a80b1246b293"} -->
<p id="wd-c6032da6" class="wp-block-wd-paragraph">By the readable content of a page when its layout.</p>
<!-- /wp:wd/paragraph --></div>
<!-- /wp:wd/container --></div>
<!-- /wp:wd/infobox --></div>
<!-- /wp:wd/column -->

<!-- wp:wd/column {"blockId":"db134ac2-88d6-43d7-9986-230b403cf18c","adjacentCount":2,"blocksGap":30} -->
<div id="wd-db134ac2" class="wp-block-wd-column"><!-- wp:wd/infobox {"blockId":"b4f9089b-7d26-4eeb-9c33-21e986228d71","iconPositionHorizontal":"start","iconPositionVertical":"center"} -->
<div id="wd-b4f9089b" class="wp-block-wd-infobox wd-hover-parent wd-icon-start"><a class="wd-block-infobox-link wd-fill" href="#" aria-label="Infobox link"></a><!-- wp:wd/icon {"blockId":"7059a91a-2c6f-4d07-87cb-4953762eb47f","image":{"id":27345,"url":"https://dummy.xtemos.com/woodmart2/gutenberg/wp-content/uploads/sites/24/2024/08/about-us-ruler-2.png"},"width":"70"} -->
<div id="wd-7059a91a" class="wp-block-wd-icon"><img class="wp-image-27345" src="https://dummy.xtemos.com/woodmart2/gutenberg/wp-content/uploads/sites/24/2024/08/about-us-ruler-2.png" /></div>
<!-- /wp:wd/icon -->

<!-- wp:wd/container {"blockId":"717a4b98-8091-4011-b972-234c9cbfa0fb","metadata":{"name":"Infobox content"}} -->
<div id="wd-717a4b98" class="wp-block-wd-container wd-dir-col"><!-- wp:wd/title {"blockId":"65740373-850e-44c5-80ea-3a999bd7edac","content":"PHOTOGRAPHY","tpFontSize":"16"} -->
<h2 id="wd-65740373" class="wp-block-wd-title title">PHOTOGRAPHY</h2>
<!-- /wp:wd/title -->

<!-- wp:wd/paragraph {"blockId":"5ed16225-3dbc-4e4e-a51a-25a00f5e8725"} -->
<p id="wd-5ed16225" class="wp-block-wd-paragraph">The point of using Lorem Ipsum is that is has it</p>
<!-- /wp:wd/paragraph --></div>
<!-- /wp:wd/container --></div>
<!-- /wp:wd/infobox --></div>
<!-- /wp:wd/column --></div>
<!-- /wp:wd/row --></div>
<!-- /wp:wd/column -->

<!-- wp:wd/column {"blockId":"44a4a623-f41c-46c5-ba40-73c66e75eb14","adjacentCount":2,"adjacentCountTablet":1,"colWidthTablet":100} -->
<div id="wd-44a4a623" class="wp-block-wd-column"><!-- wp:wd/gallery {"blockId":"a10f0694-f729-471b-8bd4-51ace9239e80","columns":2,"spacing":"30","expandOnClick":true,"contentAlignHorizontal":"center","columnsMobile":2} -->
<div id="wd-a10f0694" class="wp-block-wd-gallery wd-grid-g wd-caption-mask" style="--wd-col-lg:2;--wd-col-md:2;--wd-col-sm:2;--wd-gap-lg:30px;--wd-gap-sm: 10px"><!-- wp:wd/gallery-item {"blockId":"3ecaa27b-075a-4a68-b697-9d00f50f0dd2","image":{"id":27339,"url":"https://dummy.xtemos.com/woodmart2/gutenberg/wp-content/uploads/sites/24/2024/08/old-about-us-image-1.jpg"},"expandOnClick":true,"imageData":{"url":"https://dummy.xtemos.com/woodmart2/gutenberg/wp-content/uploads/sites/24/2024/08/old-about-us-image-1.jpg","width":500,"height":643}} -->
<div id="wd-3ecaa27b" class="wp-block-wd-gallery-item wd-col photoswipe-images"><div class="wd-block-image"><a href="https://dummy.xtemos.com/woodmart2/gutenberg/wp-content/uploads/sites/24/2024/08/old-about-us-image-1.jpg" data-width="500" data-height="643" data-elementor-open-lightbox="no"><img class="wp-image-27339" src="https://dummy.xtemos.com/woodmart2/gutenberg/wp-content/uploads/sites/24/2024/08/old-about-us-image-1.jpg" /></a></div></div>
<!-- /wp:wd/gallery-item -->

<!-- wp:wd/gallery-item {"blockId":"29382662-0010-400f-8be0-f22ca6eb2e87","image":{"id":27338,"url":"https://dummy.xtemos.com/woodmart2/gutenberg/wp-content/uploads/sites/24/2024/08/old-about-us-image-2.jpg"},"expandOnClick":true,"imageData":{"url":"https://dummy.xtemos.com/woodmart2/gutenberg/wp-content/uploads/sites/24/2024/08/old-about-us-image-2.jpg","width":500,"height":643}} -->
<div id="wd-29382662" class="wp-block-wd-gallery-item wd-col photoswipe-images"><div class="wd-block-image"><a href="https://dummy.xtemos.com/woodmart2/gutenberg/wp-content/uploads/sites/24/2024/08/old-about-us-image-2.jpg" data-width="500" data-height="643" data-elementor-open-lightbox="no"><img class="wp-image-27338" src="https://dummy.xtemos.com/woodmart2/gutenberg/wp-content/uploads/sites/24/2024/08/old-about-us-image-2.jpg" /></a></div></div>
<!-- /wp:wd/gallery-item --></div>
<!-- /wp:wd/gallery --></div>
<!-- /wp:wd/column --></div>
<!-- /wp:wd/row -->

<!-- wp:wd/section {"blockId":"3fe60050-a57d-4602-81d7-5a2745dd8620","blockGap":10,"colorScheme":"light","bgColorCode":"#111111","paddingTop":"80","paddingBottom":"80","marginBottom":"80","paddingTopTablet":"60","paddingTopMobile":"40","paddingBottomTablet":"60","paddingBottomMobile":"40","marginBottomTablet":"60","marginBottomMobile":"40"} -->
<div id="wd-3fe60050" class="wp-block-wd-section color-scheme-light"><!-- wp:wd/paragraph {"blockId":"5147cc01-38ca-4cb6-8142-c5270e750d56","textAlign":"center","tpFontVariant":"600","tpFontWeight":"600"} -->
<p id="wd-5147cc01" class="wp-block-wd-paragraph wd-align">XTEMOS IS A CREATIVE DESIGN AGENCY</p>
<!-- /wp:wd/paragraph -->

<!-- wp:wd/title {"blockId":"35731716-7736-45cd-9382-5876750a1fdf","textAlign":"center","content":"Our Presentation","tpFontSize":"46","tpLineHeight":"1.2","tpFontSizeTablet":"30","tpFontSizeMobile":"26","tpLineHeightUnits":"em"} -->
<h2 id="wd-35731716" class="wp-block-wd-title title wd-align">Our Presentation</h2>
<!-- /wp:wd/title -->

<!-- wp:wd/paragraph {"blockId":"c90bafa3-740e-4426-83cb-f8074b5f909e","textAlign":"center","marginBottom":"20","alignSelf":"center","displayWidth":"custom","customWidth":"580"} -->
<p id="wd-c90bafa3" class="wp-block-wd-paragraph wd-align wd-custom-width wd-align-s-center">I am so happy, my dear friend, so absorbed in the exquisite sense of mere tranquil existence, that I neglect my talents. I should be incapable of drawing a single.</p>
<!-- /wp:wd/paragraph -->

<!-- wp:wd/row {"blockId":"e0930ed6-96c6-4a3a-aee9-fee16c1ec08f"} -->
<div id="wd-e0930ed6" class="wp-block-wd-row"><!-- wp:wd/column {"blockId":"79247f30-6bfc-4081-984f-9ac1e088e3b9","adjacentCount":2} -->
<div id="wd-79247f30" class="wp-block-wd-column"><!-- wp:wd/video {"blockId":"584c8e90-924e-4ff1-ab76-2cb37272387c","videoType":"external","externalUrl":"https://www.youtube.com/watch?v=LXb3EKWsInQ","videoActionButton":"overlay","videoImageOverlay":{"id":27380,"url":"https://dummy.xtemos.com/woodmart2/gutenberg/wp-content/uploads/sites/24/2024/08/old-about-us-video-1.jpg"},"videoSize":"aspect_ratio","bgImage":{"id":"","url":""}} -->
<div id="wd-584c8e90" class="wp-block-wd-video wd-el-video wd-action-overlay wd-video-external wd-with-aspect-ratio"><iframe allowfullscreen allow="accelerometer; autoplay; encrypted-media; gyroscope; picture-in-picture" width="100%" height="100%" loading="lazy" data-lazy-load="https://www.youtube.com/embed/LXb3EKWsInQ?feature=oembed&amp;controls=1&amp;autoplay=1"></iframe><div class="wd-el-video-overlay wd-fill"><img src="https://dummy.xtemos.com/woodmart2/gutenberg/wp-content/uploads/sites/24/2024/08/old-about-us-video-1.jpg" class="wp-image-27380" /></div><div class="wd-el-video-control color-scheme-light wd-fill"><span class="wd-el-video-play-btn"></span></div><a href="https://www.youtube.com/embed/LXb3EKWsInQ?feature=oembed&amp;controls=1&amp;autoplay=1" class="wd-el-video-link wd-el-video-btn-overlay wd-fill"></a></div>
<!-- /wp:wd/video -->

<!-- wp:wd/title {"blockId":"caf10ef1-79f5-4517-b27c-4a21273a7eb3","textAlign":"center","content":"Our company history and facts","tpFontSize":"18"} -->
<h2 id="wd-caf10ef1" class="wp-block-wd-title title wd-align">Our company history and facts</h2>
<!-- /wp:wd/title -->

<!-- wp:wd/button {"blockId":"46c0ae0a-04e2-402f-928b-dbbbd9fa40a3","design":"link","predefinedColor":"white","alignSelf":"center"} -->
<a id="wd-46c0ae0a" class="wp-block-wd-button btn btn-style-link btn-color-white btn-size-default wd-align-s-center" href="#"><span>Show more</span></a>
<!-- /wp:wd/button --></div>
<!-- /wp:wd/column -->

<!-- wp:wd/column {"blockId":"200a3eaa-7ea7-4d6b-94a6-68440998380b","adjacentCount":2} -->
<div id="wd-200a3eaa" class="wp-block-wd-column"><!-- wp:wd/video {"blockId":"1fcc49b3-2bec-4271-8b77-d949c6e0b5e5","videoType":"external","externalUrl":"https://www.youtube.com/watch?v=LXb3EKWsInQ","videoActionButton":"overlay","videoImageOverlay":{"id":27379,"url":"https://dummy.xtemos.com/woodmart2/gutenberg/wp-content/uploads/sites/24/2024/08/old-about-us-video-2.jpg"},"videoSize":"aspect_ratio"} -->
<div id="wd-1fcc49b3" class="wp-block-wd-video wd-el-video wd-action-overlay wd-video-external wd-with-aspect-ratio"><iframe allowfullscreen allow="accelerometer; autoplay; encrypted-media; gyroscope; picture-in-picture" width="100%" height="100%" loading="lazy" data-lazy-load="https://www.youtube.com/embed/LXb3EKWsInQ?feature=oembed&amp;controls=1&amp;autoplay=1"></iframe><div class="wd-el-video-overlay wd-fill"><img src="https://dummy.xtemos.com/woodmart2/gutenberg/wp-content/uploads/sites/24/2024/08/old-about-us-video-2.jpg" class="wp-image-27379" /></div><div class="wd-el-video-control color-scheme-light wd-fill"><span class="wd-el-video-play-btn"></span></div><a href="https://www.youtube.com/embed/LXb3EKWsInQ?feature=oembed&amp;controls=1&amp;autoplay=1" class="wd-el-video-link wd-el-video-btn-overlay wd-fill"></a></div>
<!-- /wp:wd/video -->

<!-- wp:wd/title {"blockId":"2c1ec6e1-1667-4ac3-b8d2-570a930a0964","textAlign":"center","content":"Design \u0026amp; development process demonstration","tpFontSize":"18"} -->
<h2 id="wd-2c1ec6e1" class="wp-block-wd-title title wd-align">Design &amp; development process demonstration</h2>
<!-- /wp:wd/title -->

<!-- wp:wd/button {"blockId":"34c3c68b-e3cf-4179-b292-7291a3e23a01","design":"link","predefinedColor":"white","alignSelf":"center"} -->
<a id="wd-34c3c68b" class="wp-block-wd-button btn btn-style-link btn-color-white btn-size-default wd-align-s-center" href="#"><span>Show more</span></a>
<!-- /wp:wd/button --></div>
<!-- /wp:wd/column --></div>
<!-- /wp:wd/row --></div>
<!-- /wp:wd/section -->

<!-- wp:wd/row {"blockId":"fa151003-f76a-425e-b1e8-f9eaac68d9d0","marginBottom":"40"} -->
<div id="wd-fa151003" class="wp-block-wd-row"><!-- wp:wd/column {"blockId":"7eb381eb-ab40-450b-aca8-8011cc05385e","adjacentCount":2,"adjacentCountTablet":1,"colWidthTablet":100} -->
<div id="wd-7eb381eb" class="wp-block-wd-column"><!-- wp:wd/paragraph {"blockId":"5797f20b-ebf8-43d2-ae84-3d4f388af6b8","tpFontSize":"20","tpFontSizeTablet":"16"} -->
<p id="wd-5797f20b" class="wp-block-wd-paragraph">WOODMART - BEST ECOMMERCE THEME 2024/25</p>
<!-- /wp:wd/paragraph -->

<!-- wp:wd/title {"blockId":"4f2292c0-0a34-43b3-b041-7aead0fc6e28","content":"''Excellence is not a skill it's an attitude'' - Ralph Marston​","tpFontSize":"36","tpFontSizeTablet":"30"} -->
<h2 id="wd-4f2292c0" class="wp-block-wd-title title">''Excellence is not a skill it's an attitude'' - Ralph Marston​</h2>
<!-- /wp:wd/title --></div>
<!-- /wp:wd/column -->

<!-- wp:wd/column {"blockId":"39a04b93-47a1-4bea-b1d7-b53b2cb17ea9","adjacentCount":2,"justifyContent":"center","adjacentCountTablet":1,"colWidthTablet":100} -->
<div id="wd-39a04b93" class="wp-block-wd-column"><!-- wp:wd/paragraph {"blockId":"58ef7acb-5ab4-4b46-9aa2-65076847662a"} -->
<p id="wd-58ef7acb" class="wp-block-wd-paragraph">A wonderful serenity has taken possession of my entire soul, like these sweet mornings of spring which I enjoy with my whole heart. I am alone, and feel the charm of existence in this spot, which was created for the bliss of souls like mine.</p>
<!-- /wp:wd/paragraph -->

<!-- wp:wd/paragraph {"blockId":"3c6699f5-cbff-4d8c-91c6-d1b48ded629a","tpFontSize":"14","markColorCode":"#cd1d1d"} -->
<p id="wd-3c6699f5" class="wp-block-wd-paragraph"><a href="#"><em><strong>Developed by <span class="wd-highlight">X</span>temos Studio @ 2024.</strong></em></a></p>
<!-- /wp:wd/paragraph --></div>
<!-- /wp:wd/column --></div>
<!-- /wp:wd/row -->

<!-- wp:wd/row {"blockId":"9fee1dcc-9af7-4203-b398-78167e6612b2","marginBottom":"80","marginBottomTablet":"60","marginBottomMobile":"40"} -->
<div id="wd-9fee1dcc" class="wp-block-wd-row"><!-- wp:wd/column {"blockId":"1fbc4660-a75e-4261-8a51-63792ef195ca","adjacentCount":4,"adjacentCountTablet":2,"colWidthTablet":50} -->
<div id="wd-1fbc4660" class="wp-block-wd-column"><!-- wp:wd/team-member {"blockId":"4aebf93c-5595-4545-8d28-424ed7fdef8c","colorScheme":"light","alignment":"center","design":"2"} -->
<div id="wd-4aebf93c" class="wp-block-wd-team-member color-scheme-light wd-align wd-design-2"><!-- wp:wd/image {"blockId":"60710755-5a18-4c24-b8e9-54d5632ca3c1","image":{"id":27387,"url":"https://dummy.xtemos.com/woodmart2/gutenberg/wp-content/uploads/sites/24/2024/08/old-team-member-1.jpg"},"imageData":{"url":"https://dummy.xtemos.com/woodmart2/gutenberg/wp-content/uploads/sites/24/2024/08/old-team-member-1.jpg","width":400,"height":600}} -->
<div id="wd-60710755" class="wp-block-wd-image wd-block-image"><img class="wp-image-27387" src="https://dummy.xtemos.com/woodmart2/gutenberg/wp-content/uploads/sites/24/2024/08/old-team-member-1.jpg" /></div>
<!-- /wp:wd/image -->

<!-- wp:wd/container {"blockId":"a7d18184-3539-4a18-befd-6e8b07cf573a"} -->
<div id="wd-a7d18184" class="wp-block-wd-container wd-dir-col"><!-- wp:wd/title {"blockId":"10c8528e-8ce3-49c1-9450-3a513bd25f6c","content":"MARK JANCE"} -->
<h2 id="wd-10c8528e" class="wp-block-wd-title title">MARK JANCE</h2>
<!-- /wp:wd/title -->

<!-- wp:wd/paragraph {"blockId":"c1c66e37-9c19-4864-af19-f3bac8147a0c"} -->
<p id="wd-c1c66e37" class="wp-block-wd-paragraph">CEO / FOUNDER</p>
<!-- /wp:wd/paragraph -->

<!-- wp:wd/social-buttons {"blockId":"3f5d1c47-0c74-4bbb-90e5-8beaacb3a2fe","type":"follow","style":"colored","size":"small","pinterest_link":"","youtube_link":"","linkedin_link":"#","tg_link":"#"} /--></div>
<!-- /wp:wd/container --></div>
<!-- /wp:wd/team-member --></div>
<!-- /wp:wd/column -->

<!-- wp:wd/column {"blockId":"3430b7d9-4899-48c3-bd62-cb9f92e3cb89","adjacentCount":4,"adjacentCountTablet":2,"colWidthTablet":50} -->
<div id="wd-3430b7d9" class="wp-block-wd-column"><!-- wp:wd/team-member {"blockId":"e5680b1f-c6ca-4c5f-8b35-544c6ceb3624","colorScheme":"light","alignment":"center","design":"2"} -->
<div id="wd-e5680b1f" class="wp-block-wd-team-member color-scheme-light wd-align wd-design-2"><!-- wp:wd/image {"blockId":"72c4d4ad-e5d1-44d9-a686-21562742cd18","image":{"id":27388,"url":"https://dummy.xtemos.com/woodmart2/gutenberg/wp-content/uploads/sites/24/2024/08/old-team-member-2.jpg"},"imageData":{"url":"https://dummy.xtemos.com/woodmart2/gutenberg/wp-content/uploads/sites/24/2024/08/old-team-member-2.jpg","width":400,"height":600}} -->
<div id="wd-72c4d4ad" class="wp-block-wd-image wd-block-image"><img class="wp-image-27388" src="https://dummy.xtemos.com/woodmart2/gutenberg/wp-content/uploads/sites/24/2024/08/old-team-member-2.jpg" /></div>
<!-- /wp:wd/image -->

<!-- wp:wd/container {"blockId":"3de17654-dee3-44f2-91cd-86a089a059ab"} -->
<div id="wd-3de17654" class="wp-block-wd-container wd-dir-col"><!-- wp:wd/title {"blockId":"ac52bdd6-742e-46d5-a0ce-64391a2a00e9","content":"JOAHN WATSON"} -->
<h2 id="wd-ac52bdd6" class="wp-block-wd-title title">JOAHN WATSON</h2>
<!-- /wp:wd/title -->

<!-- wp:wd/paragraph {"blockId":"0459a0c7-08cf-422d-9269-66ce365123cf"} -->
<p id="wd-0459a0c7" class="wp-block-wd-paragraph">CEO / FOUNDER</p>
<!-- /wp:wd/paragraph -->

<!-- wp:wd/social-buttons {"blockId":"94d4ee7c-08d5-49c1-a520-70ee56ad6190","type":"follow","style":"colored","size":"small","pinterest_link":"","youtube_link":"","linkedin_link":"#","tg_link":"#"} /--></div>
<!-- /wp:wd/container --></div>
<!-- /wp:wd/team-member --></div>
<!-- /wp:wd/column -->

<!-- wp:wd/column {"blockId":"30a087d3-6d9a-4a0b-aa93-f09f212244ef","adjacentCount":4,"adjacentCountTablet":2,"colWidthTablet":50} -->
<div id="wd-30a087d3" class="wp-block-wd-column"><!-- wp:wd/team-member {"blockId":"864abcf2-0f74-4c8b-89fe-b90d20d515f9","colorScheme":"light","alignment":"center","design":"2"} -->
<div id="wd-864abcf2" class="wp-block-wd-team-member color-scheme-light wd-align wd-design-2"><!-- wp:wd/image {"blockId":"50015ac5-5de7-45b9-a6c0-d1f6a76c0a2f","image":{"id":27389,"url":"https://dummy.xtemos.com/woodmart2/gutenberg/wp-content/uploads/sites/24/2024/08/old-team-member-3.jpg"},"imageData":{"url":"https://dummy.xtemos.com/woodmart2/gutenberg/wp-content/uploads/sites/24/2024/08/old-team-member-3.jpg","width":400,"height":600}} -->
<div id="wd-50015ac5" class="wp-block-wd-image wd-block-image"><img class="wp-image-27389" src="https://dummy.xtemos.com/woodmart2/gutenberg/wp-content/uploads/sites/24/2024/08/old-team-member-3.jpg" /></div>
<!-- /wp:wd/image -->

<!-- wp:wd/container {"blockId":"425fd467-a73f-49bc-8641-523fbad31005"} -->
<div id="wd-425fd467" class="wp-block-wd-container wd-dir-col"><!-- wp:wd/title {"blockId":"cb0f57ab-a038-45ba-a312-95ef1bd72126","content":"JOHN DOE"} -->
<h2 id="wd-cb0f57ab" class="wp-block-wd-title title">JOHN DOE</h2>
<!-- /wp:wd/title -->

<!-- wp:wd/paragraph {"blockId":"8c4d2a7a-a504-4d5c-b8fd-1ed575e3473b"} -->
<p id="wd-8c4d2a7a" class="wp-block-wd-paragraph">CEO / FOUNDER</p>
<!-- /wp:wd/paragraph -->

<!-- wp:wd/social-buttons {"blockId":"53f1f3dd-9c8e-4f39-b1f8-12d73bb912fd","type":"follow","style":"colored","size":"small","pinterest_link":"","youtube_link":"","linkedin_link":"#","tg_link":"#"} /--></div>
<!-- /wp:wd/container --></div>
<!-- /wp:wd/team-member --></div>
<!-- /wp:wd/column -->

<!-- wp:wd/column {"blockId":"8a6dea90-89bf-49c9-9200-22b62da29d03","adjacentCount":4,"adjacentCountTablet":2,"colWidthTablet":50} -->
<div id="wd-8a6dea90" class="wp-block-wd-column"><!-- wp:wd/team-member {"blockId":"83d528b6-5915-4b64-ac80-6ba26dfb4588","colorScheme":"light","alignment":"center","design":"2"} -->
<div id="wd-83d528b6" class="wp-block-wd-team-member color-scheme-light wd-align wd-design-2"><!-- wp:wd/image {"blockId":"6c2a4acb-8be1-4d2e-8c13-2d4adb7bddc8","image":{"id":27390,"url":"https://dummy.xtemos.com/woodmart2/gutenberg/wp-content/uploads/sites/24/2024/08/old-team-member-4.jpg"},"imageData":{"url":"https://dummy.xtemos.com/woodmart2/gutenberg/wp-content/uploads/sites/24/2024/08/old-team-member-4.jpg","width":400,"height":600}} -->
<div id="wd-6c2a4acb" class="wp-block-wd-image wd-block-image"><img class="wp-image-27390" src="https://dummy.xtemos.com/woodmart2/gutenberg/wp-content/uploads/sites/24/2024/08/old-team-member-4.jpg" /></div>
<!-- /wp:wd/image -->

<!-- wp:wd/container {"blockId":"cc54a50f-e291-4025-b44a-d8b53a55c32f"} -->
<div id="wd-cc54a50f" class="wp-block-wd-container wd-dir-col"><!-- wp:wd/title {"blockId":"7657e507-0c67-41cc-afdf-ffe80c787bb8","content":"NRAYDON WILKERSON"} -->
<h2 id="wd-7657e507" class="wp-block-wd-title title">NRAYDON WILKERSON</h2>
<!-- /wp:wd/title -->

<!-- wp:wd/paragraph {"blockId":"e501df76-5345-4710-8f12-3c59f4be623e"} -->
<p id="wd-e501df76" class="wp-block-wd-paragraph">CEO / FOUNDER</p>
<!-- /wp:wd/paragraph -->

<!-- wp:wd/social-buttons {"blockId":"02fc7959-0520-4988-b820-ed1bd43eb3bc","type":"follow","style":"colored","size":"small","pinterest_link":"","youtube_link":"","linkedin_link":"#","tg_link":"#"} /--></div>
<!-- /wp:wd/container --></div>
<!-- /wp:wd/team-member --></div>
<!-- /wp:wd/column --></div>
<!-- /wp:wd/row -->

<!-- wp:wd/section {"blockId":"ea1e224b-d6f3-495d-ae47-f5ba6697098a","blockGap":10,"colorScheme":"light","bgColorCode":"#111111","paddingTop":"80","paddingBottom":"80","marginBottom":"0","paddingTopTablet":"60","paddingTopMobile":"40","paddingBottomTablet":"60","paddingBottomMobile":"40"} -->
<div id="wd-ea1e224b" class="wp-block-wd-section color-scheme-light"><!-- wp:wd/paragraph {"blockId":"024b4bf3-411c-4327-a3d1-44d4314496cd","textAlign":"center"} -->
<p id="wd-024b4bf3" class="wp-block-wd-paragraph wd-align">GET IN TOUCH WITH US</p>
<!-- /wp:wd/paragraph -->

<!-- wp:wd/title {"blockId":"55fc7d64-f6cf-4f77-98a7-f72a784bb75a","textAlign":"center","content":"Get Connected","tpFontSize":"46","tpLineHeight":"1.2","tpFontSizeTablet":"30","tpFontSizeMobile":"26","tpLineHeightUnits":"em"} -->
<h2 id="wd-55fc7d64" class="wp-block-wd-title title wd-align">Get Connected</h2>
<!-- /wp:wd/title -->

<!-- wp:wd/paragraph {"blockId":"aca77693-b5f6-4ef4-a539-f1a9d7e48cbf","textAlign":"center","marginBottom":"50","alignSelf":"center","displayWidth":"custom","customWidth":"580"} -->
<p id="wd-aca77693" class="wp-block-wd-paragraph wd-align wd-custom-width wd-align-s-center">I am so happy, my dear friend, so absorbed in the exquisite sense of mere tranquil existence, that I neglect my talents. I should be incapable of drawing a single.</p>
<!-- /wp:wd/paragraph -->

<!-- wp:wd/row {"blockId":"8049399e-045e-4419-9e09-1b5af52c8d23"} -->
<div id="wd-8049399e" class="wp-block-wd-row"><!-- wp:wd/column {"blockId":"dcede49e-f626-4942-a58f-4122434c1e22","adjacentCount":4,"blocksGap":10,"adjacentCountTablet":2,"colWidthTablet":50} -->
<div id="wd-dcede49e" class="wp-block-wd-column"><!-- wp:wd/title {"blockId":"1ed01138-2258-4a41-9f4b-b5e9ee83f1e0","content":"NEW YORK","tpFontSize":"16"} -->
<h2 id="wd-1ed01138" class="wp-block-wd-title title">NEW YORK</h2>
<!-- /wp:wd/title -->

<!-- wp:wd/paragraph {"blockId":"9f5fc093-b270-46ca-b964-a3053a015e03"} -->
<p id="wd-9f5fc093" class="wp-block-wd-paragraph">113 New Avenue, Roadway, 67 Brewer St. London, United Kingdom</p>
<!-- /wp:wd/paragraph -->

<!-- wp:wd/divider {"blockId":"47c956bb-7099-4766-be12-7d44ec93d928"} -->
<div id="wd-47c956bb" class="wp-block-wd-divider wd-style-line"></div>
<!-- /wp:wd/divider -->

<!-- wp:wd/paragraph {"blockId":"421f217d-e31a-4325-a918-1ad5a45a4215","markColorCode":"#ffffff"} -->
<p id="wd-421f217d" class="wp-block-wd-paragraph"><span class="wd-highlight">Phone:</span> +18 (0) 545 77 32<br><span class="wd-highlight">Email: </span>info@mail.com</p>
<!-- /wp:wd/paragraph --></div>
<!-- /wp:wd/column -->

<!-- wp:wd/column {"blockId":"164bd2b9-c9a1-45ac-8aca-df4b649b454d","adjacentCount":4,"blocksGap":10,"adjacentCountTablet":2,"colWidthTablet":50} -->
<div id="wd-164bd2b9" class="wp-block-wd-column"><!-- wp:wd/title {"blockId":"42a4f787-71e0-415b-be56-b7e07c2f9ba7","content":"PARIS","tpFontSize":"16"} -->
<h2 id="wd-42a4f787" class="wp-block-wd-title title">PARIS</h2>
<!-- /wp:wd/title -->

<!-- wp:wd/paragraph {"blockId":"80024d31-6e6f-484e-8e89-4200c5fb85c6"} -->
<p id="wd-80024d31" class="wp-block-wd-paragraph">113 New Avenue, Roadway, 67 Brewer St. London, United Kingdom</p>
<!-- /wp:wd/paragraph -->

<!-- wp:wd/divider {"blockId":"1a6643b5-b479-4bce-8659-e54d1a48ed58"} -->
<div id="wd-1a6643b5" class="wp-block-wd-divider wd-style-line"></div>
<!-- /wp:wd/divider -->

<!-- wp:wd/paragraph {"blockId":"826fc7df-1e13-444e-8787-9eab1eda328c","markColorCode":"#ffffff"} -->
<p id="wd-826fc7df" class="wp-block-wd-paragraph"><span class="wd-highlight">Phone:</span> +18 (0) 545 77 32<br><span class="wd-highlight">Email: </span>info@mail.com</p>
<!-- /wp:wd/paragraph --></div>
<!-- /wp:wd/column -->

<!-- wp:wd/column {"blockId":"47ffc275-e17a-41f2-a9a3-3fba54d29582","adjacentCount":4,"blocksGap":10,"adjacentCountTablet":2,"colWidthTablet":50} -->
<div id="wd-47ffc275" class="wp-block-wd-column"><!-- wp:wd/title {"blockId":"90f0203e-ecad-455c-8f15-fc21155d9f7a","content":"PARIS","tpFontSize":"16"} -->
<h2 id="wd-90f0203e" class="wp-block-wd-title title">PARIS</h2>
<!-- /wp:wd/title -->

<!-- wp:wd/paragraph {"blockId":"46a4df99-0c75-4f2f-ab89-e6fccedceb34"} -->
<p id="wd-46a4df99" class="wp-block-wd-paragraph">113 New Avenue, Roadway, 67 Brewer St. London, United Kingdom</p>
<!-- /wp:wd/paragraph -->

<!-- wp:wd/divider {"blockId":"3d813d92-efb1-452e-b5bc-fbd370184046"} -->
<div id="wd-3d813d92" class="wp-block-wd-divider wd-style-line"></div>
<!-- /wp:wd/divider -->

<!-- wp:wd/paragraph {"blockId":"bc3c6fc9-dcea-44a1-8b89-ba2c802c816a","markColorCode":"#ffffff"} -->
<p id="wd-bc3c6fc9" class="wp-block-wd-paragraph"><span class="wd-highlight">Phone:</span> +18 (0) 545 77 32<br><span class="wd-highlight">Email: </span>info@mail.com</p>
<!-- /wp:wd/paragraph --></div>
<!-- /wp:wd/column -->

<!-- wp:wd/column {"blockId":"2e042802-714a-4ded-8764-5d8c08e28f68","adjacentCount":4,"blocksGap":10,"adjacentCountTablet":2,"colWidthTablet":50} -->
<div id="wd-2e042802" class="wp-block-wd-column"><!-- wp:wd/title {"blockId":"05806615-f732-4e49-a4d1-d04678ce9bbb","content":"PARIS","tpFontSize":"16"} -->
<h2 id="wd-05806615" class="wp-block-wd-title title">PARIS</h2>
<!-- /wp:wd/title -->

<!-- wp:wd/paragraph {"blockId":"4c695415-ebe6-4e16-baa4-19d8f0c5cee5","marginBottom":"1"} -->
<p id="wd-4c695415" class="wp-block-wd-paragraph">113 New Avenue, Roadway, 67 Brewer St. London, United Kingdom</p>
<!-- /wp:wd/paragraph -->

<!-- wp:wd/divider {"blockId":"1da78f0e-f753-4ada-9117-22893a3f9f82"} -->
<div id="wd-1da78f0e" class="wp-block-wd-divider wd-style-line"></div>
<!-- /wp:wd/divider -->

<!-- wp:wd/paragraph {"blockId":"dbaf1ae4-41a5-423e-ba8a-b875ad292909","markColorCode":"#ffffff"} -->
<p id="wd-dbaf1ae4" class="wp-block-wd-paragraph"><span class="wd-highlight">Phone:</span> +18 (0) 545 77 32<br><span class="wd-highlight">Email: </span>info@mail.com</p>
<!-- /wp:wd/paragraph --></div>
<!-- /wp:wd/column --></div>
<!-- /wp:wd/row --></div>
<!-- /wp:wd/section -->

<!-- wp:wd/section {"blockId":"9ef0b479-3cb4-4073-9190-f898847b4f80","paddingRight":"0","paddingLeft":"0","marginBottom":"-40"} -->
<div id="wd-9ef0b479" class="wp-block-wd-section"><!-- wp:wd/carousel {"blockId":"ebd5620b-d6ee-4044-b3de-14a37b5b1d14","currentSlide":2,"spacing":"0","paginationControl":false,"paginationControlTablet":false,"paginationControlMobile":false,"syncParentId":"wd_ebd5620b","slidesPerViewTablet":"2"} -->
<div id="wd-ebd5620b" class="wp-block-wd-carousel wd-carousel-container"><div class="wd-carousel-inner"><div class="wd-carousel wd-grid" style="--wd-col-lg:3;--wd-col-md:2;--wd-col-sm:1;--wd-gap-lg:0px" data-scroll_per_page="yes"><div class="wd-carousel-wrap"><!-- wp:wd/carousel-item {"blockId":"fd8c86a4-1f3e-4acb-b7a6-e59d91087132"} -->
<div id="wd-fd8c86a4" class="wp-block-wd-carousel-item wd-carousel-item"><!-- wp:wd/cover {"blockId":"84d63129-e8ed-4fb5-b721-b5abc4cdd241","hover":"zoom-out","contentAlignVertical":"end","colorScheme":"light","aspectRatio":"3/2","imageAspectRatio":"/","height":"370","bgImage":{"id":27432,"url":"https://dummy.xtemos.com/woodmart2/gutenberg/wp-content/uploads/sites/24/2024/08/old-about-us-banner-1.jpg"},"overlayColorCode":"#000000","overlayHoverColorCode":"#000000","overlay":true,"overlayOpacity":0.3,"overlayHoverOpacity":0.6,"overlayTransition":0.5,"heightTablet":"320"} -->
<div id="wd-84d63129" class="wp-block-wd-cover wd-hover-parent wd-hover-zoom-out color-scheme-light wd-bg-parent"><div class="wd-bg-overlay"></div><div class="wd-block-cover-img"></div><a class="wd-block-cover-link wd-fill" href="#" aria-label="Cover link"></a><!-- wp:wd/container {"blockId":"4b57e4f6-5195-462f-bccc-dae5ba72f20a","transformTranslateY":"61","transformParentHoverTranslateY":"0","transitionTransform":0.3,"transformTranslateYTablet":"0","metadata":{"name":"Banner content"}} -->
<div id="wd-4b57e4f6" class="wp-block-wd-container wd-dir-col wd-transform"><!-- wp:wd/title {"blockId":"c1fa45d5-796d-486b-a3d1-afd0dc0b396f","content":"It is a fact that a reader will be distracted.","tpFontSize":"30","displayWidth":"custom","customWidth":"400","tpFontSizeMobile":"26"} -->
<h2 id="wd-c1fa45d5" class="wp-block-wd-title title wd-custom-width">It is a fact that a reader will be distracted.</h2>
<!-- /wp:wd/title -->

<!-- wp:wd/paragraph {"blockId":"573c0df2-4e94-4487-a8e9-23df114dd3d0","marginBottom":"5"} -->
<p id="wd-573c0df2" class="wp-block-wd-paragraph">Ullamcorper vehicula at ultrices sed interdum et malesuada.</p>
<!-- /wp:wd/paragraph -->

<!-- wp:wd/button {"blockId":"4e3f05e6-f49c-4b48-90b6-a91009e32b93","predefinedColor":"primary","transitionOpacity":0.3,"opacity":0,"opacityParentHover":1,"opacityTablet":1} -->
<a id="wd-4e3f05e6" class="wp-block-wd-button btn btn-style-default btn-color-primary btn-size-default btn-shape-rectangle" href="#"><span>Read more</span></a>
<!-- /wp:wd/button --></div>
<!-- /wp:wd/container --></div>
<!-- /wp:wd/cover --></div>
<!-- /wp:wd/carousel-item -->

<!-- wp:wd/carousel-item {"blockId":"270473a2-e83f-486e-91b9-fedc4c029975"} -->
<div id="wd-270473a2" class="wp-block-wd-carousel-item wd-carousel-item"><!-- wp:wd/cover {"blockId":"3e7968b4-4536-493f-b39a-f9a338b2a979","hover":"zoom-out","contentAlignVertical":"end","colorScheme":"light","aspectRatio":"3/2","imageAspectRatio":"/","height":"370","bgImage":{"id":27433,"url":"https://dummy.xtemos.com/woodmart2/gutenberg/wp-content/uploads/sites/24/2024/08/old-about-us-banner-2.jpg"},"overlayColorCode":"#000000","overlayHoverColorCode":"#000000","overlay":true,"overlayOpacity":0.3,"overlayHoverOpacity":0.6,"overlayTransition":0.5,"heightTablet":"320"} -->
<div id="wd-3e7968b4" class="wp-block-wd-cover wd-hover-parent wd-hover-zoom-out color-scheme-light wd-bg-parent"><div class="wd-bg-overlay"></div><div class="wd-block-cover-img"></div><a class="wd-block-cover-link wd-fill" href="#" aria-label="Cover link"></a><!-- wp:wd/container {"blockId":"81c311db-e77a-4d37-afa3-d22f44ba135d","transformTranslateY":"61","transformParentHoverTranslateY":"0","transitionTransform":0.3,"transformTranslateYTablet":"0","metadata":{"name":"Banner content"}} -->
<div id="wd-81c311db" class="wp-block-wd-container wd-dir-col wd-transform"><!-- wp:wd/title {"blockId":"7afde866-afba-4ac8-81d0-3c79ce78f49c","content":"By the readable contect of a page when looking.","tpFontSize":"30","tpFontSizeMobile":"26"} -->
<h2 id="wd-7afde866" class="wp-block-wd-title title">By the readable contect of a page when looking.</h2>
<!-- /wp:wd/title -->

<!-- wp:wd/paragraph {"blockId":"d11c4eb3-3990-4aa7-b27d-ecf2240243e9","marginBottom":"5","displayWidth":"custom","customWidth":"400"} -->
<p id="wd-d11c4eb3" class="wp-block-wd-paragraph wd-custom-width">Patibus elementum a dictum ipiscing parturient donec eros.</p>
<!-- /wp:wd/paragraph -->

<!-- wp:wd/button {"blockId":"0ca44d35-e423-44a5-a219-e83fc286dad9","predefinedColor":"primary","transitionOpacity":0.3,"opacity":0,"opacityParentHover":1,"opacityTablet":1} -->
<a id="wd-0ca44d35" class="wp-block-wd-button btn btn-style-default btn-color-primary btn-size-default btn-shape-rectangle" href="#"><span>Read more</span></a>
<!-- /wp:wd/button --></div>
<!-- /wp:wd/container --></div>
<!-- /wp:wd/cover --></div>
<!-- /wp:wd/carousel-item -->

<!-- wp:wd/carousel-item {"blockId":"54606468-d365-4808-be9c-2eb94283d40c"} -->
<div id="wd-54606468" class="wp-block-wd-carousel-item wd-carousel-item"><!-- wp:wd/cover {"blockId":"76dc5c21-64b6-456d-884d-4c95c2585365","hover":"zoom-out","contentAlignVertical":"end","colorScheme":"light","aspectRatio":"3/2","imageAspectRatio":"/","height":"370","bgImage":{"id":27434,"url":"https://dummy.xtemos.com/woodmart2/gutenberg/wp-content/uploads/sites/24/2024/08/old-about-us-banner-3.jpg"},"overlayColorCode":"#000000","overlayHoverColorCode":"rgba(0,0,0,0.6)","overlay":true,"overlayOpacity":0.3,"overlayHoverOpacity":0.6,"overlayTransition":0.5,"heightTablet":"320"} -->
<div id="wd-76dc5c21" class="wp-block-wd-cover wd-hover-parent wd-hover-zoom-out color-scheme-light wd-bg-parent"><div class="wd-bg-overlay"></div><div class="wd-block-cover-img"></div><a class="wd-block-cover-link wd-fill" href="#" aria-label="Cover link"></a><!-- wp:wd/container {"blockId":"7b7e137c-c056-4cfb-ba9d-a21a4c921a91","transformTranslateY":"61","transformParentHoverTranslateY":"0","transitionTransform":0.3,"transformTranslateYTablet":"0","metadata":{"name":"Banner content"}} -->
<div id="wd-7b7e137c" class="wp-block-wd-container wd-dir-col wd-transform"><!-- wp:wd/title {"blockId":"491315e4-afc0-4911-a677-664f61f5fb14","content":"The point of using Lorem Ipsum is that it has.","tpFontSize":"30","displayWidth":"custom","customWidth":"400","tpFontSizeMobile":"26"} -->
<h2 id="wd-491315e4" class="wp-block-wd-title title wd-custom-width">The point of using Lorem Ipsum is that it has.</h2>
<!-- /wp:wd/title -->

<!-- wp:wd/paragraph {"blockId":"1fed9681-02c9-4929-80fa-6c91becb2829","marginBottom":"5"} -->
<p id="wd-1fed9681" class="wp-block-wd-paragraph">Ullamcorper vehicula at ultrices sed interdum ullamcorper.</p>
<!-- /wp:wd/paragraph -->

<!-- wp:wd/button {"blockId":"7414056e-d056-461c-898c-fc097db436ca","predefinedColor":"primary","transitionOpacity":0.3,"opacity":0,"opacityParentHover":1,"opacityTablet":1} -->
<a id="wd-7414056e" class="wp-block-wd-button btn btn-style-default btn-color-primary btn-size-default btn-shape-rectangle" href="#"><span>Read more</span></a>
<!-- /wp:wd/button --></div>
<!-- /wp:wd/container --></div>
<!-- /wp:wd/cover --></div>
<!-- /wp:wd/carousel-item --></div></div><div class="wd-nav-arrows wd-pos-sep wd-hover-1 wd-icon-1"><div class="wd-btn-arrow wd-prev"><div class="wd-arrow-inner"></div></div><div class="wd-btn-arrow wd-next"><div class="wd-arrow-inner"></div></div></div></div></div>
<!-- /wp:wd/carousel --></div>
<!-- /wp:wd/section -->]]></content:encoded>
															<wp:post_id>27283</wp:post_id>
					<wp:post_date><![CDATA[2024-08-01 14:43:05]]></wp:post_date>
					<wp:post_date_gmt><![CDATA[2024-08-01 14:43:05]]></wp:post_date_gmt>
					<wp:post_modified><![CDATA[2024-10-23 11:34:16]]></wp:post_modified>
					<wp:post_modified_gmt><![CDATA[2024-10-23 11:34:16]]></wp:post_modified_gmt>
					<wp:comment_status><![CDATA[closed]]></wp:comment_status>
					<wp:post_name><![CDATA[about-us]]></wp:post_name>
					<wp:status><![CDATA[publish]]></wp:status>
					<wp:post_parent>0</wp:post_parent>
					<wp:menu_order>0</wp:menu_order>
					<wp:post_type><![CDATA[page]]></wp:post_type>
																					<wp:postmeta>
							<wp:meta_key><![CDATA[_woodmart_whb_header]]></wp:meta_key>
							<wp:meta_value><![CDATA[header_409317]]></wp:meta_value>
						</wp:postmeta>
												<wp:postmeta>
							<wp:meta_key><![CDATA[_woodmart_title_off]]></wp:meta_key>
							<wp:meta_value><![CDATA[on]]></wp:meta_value>
						</wp:postmeta>
												<wp:postmeta>
							<wp:meta_key><![CDATA[_woodmart_page-title-size]]></wp:meta_key>
							<wp:meta_value><![CDATA[inherit]]></wp:meta_value>
						</wp:postmeta>
												<wp:postmeta>
							<wp:meta_key><![CDATA[_woodmart_title_image]]></wp:meta_key>
							<wp:meta_value><![CDATA[a:2:{s:3:"url";s:0:"";s:2:"id";s:0:"";}]]></wp:meta_value>
						</wp:postmeta>
												<wp:postmeta>
							<wp:meta_key><![CDATA[_woodmart_main_layout]]></wp:meta_key>
							<wp:meta_value><![CDATA[full-width]]></wp:meta_value>
						</wp:postmeta>
												<wp:postmeta>
							<wp:meta_key><![CDATA[_wp_page_template]]></wp:meta_key>
							<wp:meta_value><![CDATA[default]]></wp:meta_value>
						</wp:postmeta>
										</item>
								<item>
					<title><![CDATA[old-about-us-bg]]></title>
					<link>https://dummy.xtemos.com/woodmart2/gutenberg/about-us/old-about-us-bg/</link>
					<pubDate>Thu, 01 Aug 2024 14:40:43 +0000</pubDate>
					<dc:creator><![CDATA[Ethan Smith]]></dc:creator>
					<guid isPermaLink="false">https://dummy.xtemos.com/woodmart2/gutenberg/wp-content/uploads/sites/24/2024/08/old-about-us-bg.jpg</guid>
															<wp:post_id>27287</wp:post_id>
					<wp:post_date><![CDATA[2024-08-01 14:40:43]]></wp:post_date>
					<wp:post_date_gmt><![CDATA[2024-08-01 14:40:43]]></wp:post_date_gmt>
					<wp:post_modified><![CDATA[2024-08-01 14:40:43]]></wp:post_modified>
					<wp:post_modified_gmt><![CDATA[2024-08-01 14:40:43]]></wp:post_modified_gmt>
					<wp:comment_status><![CDATA[open]]></wp:comment_status>
					<wp:post_name><![CDATA[old-about-us-bg]]></wp:post_name>
					<wp:status><![CDATA[inherit]]></wp:status>
					<wp:post_parent>27283</wp:post_parent>
					<wp:menu_order>0</wp:menu_order>
					<wp:post_type><![CDATA[attachment]]></wp:post_type>
											<wp:attachment_url><![CDATA[https://dummy.xtemos.com/woodmart2/gutenberg/wp-content/uploads/sites/24/2024/08/old-about-us-bg.jpg]]></wp:attachment_url>
																					<wp:postmeta>
							<wp:meta_key><![CDATA[_wp_attached_file]]></wp:meta_key>
							<wp:meta_value><![CDATA[2024/08/old-about-us-bg.jpg]]></wp:meta_value>
						</wp:postmeta>
										</item>
								<item>
					<title><![CDATA[old-about-us-bg-2]]></title>
					<link>https://dummy.xtemos.com/woodmart2/gutenberg/about-us/old-about-us-bg-2/</link>
					<pubDate>Fri, 02 Aug 2024 06:24:51 +0000</pubDate>
					<dc:creator><![CDATA[Ethan Smith]]></dc:creator>
					<guid isPermaLink="false">https://dummy.xtemos.com/woodmart2/gutenberg/wp-content/uploads/sites/24/2024/08/old-about-us-bg-2.jpg</guid>
															<wp:post_id>27324</wp:post_id>
					<wp:post_date><![CDATA[2024-08-02 06:24:51]]></wp:post_date>
					<wp:post_date_gmt><![CDATA[2024-08-02 06:24:51]]></wp:post_date_gmt>
					<wp:post_modified><![CDATA[2024-08-02 06:24:51]]></wp:post_modified>
					<wp:post_modified_gmt><![CDATA[2024-08-02 06:24:51]]></wp:post_modified_gmt>
					<wp:comment_status><![CDATA[open]]></wp:comment_status>
					<wp:post_name><![CDATA[old-about-us-bg-2]]></wp:post_name>
					<wp:status><![CDATA[inherit]]></wp:status>
					<wp:post_parent>27283</wp:post_parent>
					<wp:menu_order>0</wp:menu_order>
					<wp:post_type><![CDATA[attachment]]></wp:post_type>
											<wp:attachment_url><![CDATA[https://dummy.xtemos.com/woodmart2/gutenberg/wp-content/uploads/sites/24/2024/08/old-about-us-bg-2.jpg]]></wp:attachment_url>
																					<wp:postmeta>
							<wp:meta_key><![CDATA[_wp_attached_file]]></wp:meta_key>
							<wp:meta_value><![CDATA[2024/08/old-about-us-bg-2.jpg]]></wp:meta_value>
						</wp:postmeta>
										</item>
								<item>
					<title><![CDATA[old-about-us-image-2]]></title>
					<link>https://dummy.xtemos.com/woodmart2/gutenberg/about-us/old-about-us-image-2/</link>
					<pubDate>Fri, 02 Aug 2024 06:51:22 +0000</pubDate>
					<dc:creator><![CDATA[Ethan Smith]]></dc:creator>
					<guid isPermaLink="false">https://dummy.xtemos.com/woodmart2/gutenberg/wp-content/uploads/sites/24/2024/08/old-about-us-image-2.jpg</guid>
															<wp:post_id>27338</wp:post_id>
					<wp:post_date><![CDATA[2024-08-02 06:51:22]]></wp:post_date>
					<wp:post_date_gmt><![CDATA[2024-08-02 06:51:22]]></wp:post_date_gmt>
					<wp:post_modified><![CDATA[2024-08-02 06:51:22]]></wp:post_modified>
					<wp:post_modified_gmt><![CDATA[2024-08-02 06:51:22]]></wp:post_modified_gmt>
					<wp:comment_status><![CDATA[open]]></wp:comment_status>
					<wp:post_name><![CDATA[old-about-us-image-2]]></wp:post_name>
					<wp:status><![CDATA[inherit]]></wp:status>
					<wp:post_parent>27283</wp:post_parent>
					<wp:menu_order>0</wp:menu_order>
					<wp:post_type><![CDATA[attachment]]></wp:post_type>
											<wp:attachment_url><![CDATA[https://dummy.xtemos.com/woodmart2/gutenberg/wp-content/uploads/sites/24/2024/08/old-about-us-image-2.jpg]]></wp:attachment_url>
																					<wp:postmeta>
							<wp:meta_key><![CDATA[_wp_attached_file]]></wp:meta_key>
							<wp:meta_value><![CDATA[2024/08/old-about-us-image-2.jpg]]></wp:meta_value>
						</wp:postmeta>
										</item>
								<item>
					<title><![CDATA[old-about-us-image-1]]></title>
					<link>https://dummy.xtemos.com/woodmart2/gutenberg/about-us/old-about-us-image-1/</link>
					<pubDate>Fri, 02 Aug 2024 06:51:25 +0000</pubDate>
					<dc:creator><![CDATA[Ethan Smith]]></dc:creator>
					<guid isPermaLink="false">https://dummy.xtemos.com/woodmart2/gutenberg/wp-content/uploads/sites/24/2024/08/old-about-us-image-1.jpg</guid>
															<wp:post_id>27339</wp:post_id>
					<wp:post_date><![CDATA[2024-08-02 06:51:25]]></wp:post_date>
					<wp:post_date_gmt><![CDATA[2024-08-02 06:51:25]]></wp:post_date_gmt>
					<wp:post_modified><![CDATA[2024-08-02 06:51:25]]></wp:post_modified>
					<wp:post_modified_gmt><![CDATA[2024-08-02 06:51:25]]></wp:post_modified_gmt>
					<wp:comment_status><![CDATA[open]]></wp:comment_status>
					<wp:post_name><![CDATA[old-about-us-image-1]]></wp:post_name>
					<wp:status><![CDATA[inherit]]></wp:status>
					<wp:post_parent>27283</wp:post_parent>
					<wp:menu_order>0</wp:menu_order>
					<wp:post_type><![CDATA[attachment]]></wp:post_type>
											<wp:attachment_url><![CDATA[https://dummy.xtemos.com/woodmart2/gutenberg/wp-content/uploads/sites/24/2024/08/old-about-us-image-1.jpg]]></wp:attachment_url>
																					<wp:postmeta>
							<wp:meta_key><![CDATA[_wp_attached_file]]></wp:meta_key>
							<wp:meta_value><![CDATA[2024/08/old-about-us-image-1.jpg]]></wp:meta_value>
						</wp:postmeta>
										</item>
								<item>
					<title><![CDATA[about-us-paint-palette]]></title>
					<link>https://dummy.xtemos.com/woodmart2/gutenberg/about-us/about-us-paint-palette/</link>
					<pubDate>Fri, 02 Aug 2024 06:56:15 +0000</pubDate>
					<dc:creator><![CDATA[Ethan Smith]]></dc:creator>
					<guid isPermaLink="false">https://dummy.xtemos.com/woodmart2/gutenberg/wp-content/uploads/sites/24/2024/08/about-us-paint-palette.png</guid>
															<wp:post_id>27343</wp:post_id>
					<wp:post_date><![CDATA[2024-08-02 06:56:15]]></wp:post_date>
					<wp:post_date_gmt><![CDATA[2024-08-02 06:56:15]]></wp:post_date_gmt>
					<wp:post_modified><![CDATA[2024-08-02 06:56:15]]></wp:post_modified>
					<wp:post_modified_gmt><![CDATA[2024-08-02 06:56:15]]></wp:post_modified_gmt>
					<wp:comment_status><![CDATA[open]]></wp:comment_status>
					<wp:post_name><![CDATA[about-us-paint-palette]]></wp:post_name>
					<wp:status><![CDATA[inherit]]></wp:status>
					<wp:post_parent>27283</wp:post_parent>
					<wp:menu_order>0</wp:menu_order>
					<wp:post_type><![CDATA[attachment]]></wp:post_type>
											<wp:attachment_url><![CDATA[https://dummy.xtemos.com/woodmart2/gutenberg/wp-content/uploads/sites/24/2024/08/about-us-paint-palette.png]]></wp:attachment_url>
																					<wp:postmeta>
							<wp:meta_key><![CDATA[_wp_attached_file]]></wp:meta_key>
							<wp:meta_value><![CDATA[2024/08/about-us-paint-palette.png]]></wp:meta_value>
						</wp:postmeta>
										</item>
								<item>
					<title><![CDATA[about-us-pen]]></title>
					<link>https://dummy.xtemos.com/woodmart2/gutenberg/about-us/about-us-pen/</link>
					<pubDate>Fri, 02 Aug 2024 06:56:15 +0000</pubDate>
					<dc:creator><![CDATA[Ethan Smith]]></dc:creator>
					<guid isPermaLink="false">https://dummy.xtemos.com/woodmart2/gutenberg/wp-content/uploads/sites/24/2024/08/about-us-pen.png</guid>
															<wp:post_id>27344</wp:post_id>
					<wp:post_date><![CDATA[2024-08-02 06:56:15]]></wp:post_date>
					<wp:post_date_gmt><![CDATA[2024-08-02 06:56:15]]></wp:post_date_gmt>
					<wp:post_modified><![CDATA[2024-08-02 06:56:15]]></wp:post_modified>
					<wp:post_modified_gmt><![CDATA[2024-08-02 06:56:15]]></wp:post_modified_gmt>
					<wp:comment_status><![CDATA[open]]></wp:comment_status>
					<wp:post_name><![CDATA[about-us-pen]]></wp:post_name>
					<wp:status><![CDATA[inherit]]></wp:status>
					<wp:post_parent>27283</wp:post_parent>
					<wp:menu_order>0</wp:menu_order>
					<wp:post_type><![CDATA[attachment]]></wp:post_type>
											<wp:attachment_url><![CDATA[https://dummy.xtemos.com/woodmart2/gutenberg/wp-content/uploads/sites/24/2024/08/about-us-pen.png]]></wp:attachment_url>
																					<wp:postmeta>
							<wp:meta_key><![CDATA[_wp_attached_file]]></wp:meta_key>
							<wp:meta_value><![CDATA[2024/08/about-us-pen.png]]></wp:meta_value>
						</wp:postmeta>
										</item>
								<item>
					<title><![CDATA[about-us-ruler-2]]></title>
					<link>https://dummy.xtemos.com/woodmart2/gutenberg/about-us/about-us-ruler-2/</link>
					<pubDate>Fri, 02 Aug 2024 06:56:16 +0000</pubDate>
					<dc:creator><![CDATA[Ethan Smith]]></dc:creator>
					<guid isPermaLink="false">https://dummy.xtemos.com/woodmart2/gutenberg/wp-content/uploads/sites/24/2024/08/about-us-ruler-2.png</guid>
															<wp:post_id>27345</wp:post_id>
					<wp:post_date><![CDATA[2024-08-02 06:56:16]]></wp:post_date>
					<wp:post_date_gmt><![CDATA[2024-08-02 06:56:16]]></wp:post_date_gmt>
					<wp:post_modified><![CDATA[2024-08-02 06:56:16]]></wp:post_modified>
					<wp:post_modified_gmt><![CDATA[2024-08-02 06:56:16]]></wp:post_modified_gmt>
					<wp:comment_status><![CDATA[open]]></wp:comment_status>
					<wp:post_name><![CDATA[about-us-ruler-2]]></wp:post_name>
					<wp:status><![CDATA[inherit]]></wp:status>
					<wp:post_parent>27283</wp:post_parent>
					<wp:menu_order>0</wp:menu_order>
					<wp:post_type><![CDATA[attachment]]></wp:post_type>
											<wp:attachment_url><![CDATA[https://dummy.xtemos.com/woodmart2/gutenberg/wp-content/uploads/sites/24/2024/08/about-us-ruler-2.png]]></wp:attachment_url>
																					<wp:postmeta>
							<wp:meta_key><![CDATA[_wp_attached_file]]></wp:meta_key>
							<wp:meta_value><![CDATA[2024/08/about-us-ruler-2.png]]></wp:meta_value>
						</wp:postmeta>
										</item>
								<item>
					<title><![CDATA[about-us-ruler]]></title>
					<link>https://dummy.xtemos.com/woodmart2/gutenberg/about-us/about-us-ruler/</link>
					<pubDate>Fri, 02 Aug 2024 06:56:17 +0000</pubDate>
					<dc:creator><![CDATA[Ethan Smith]]></dc:creator>
					<guid isPermaLink="false">https://dummy.xtemos.com/woodmart2/gutenberg/wp-content/uploads/sites/24/2024/08/about-us-ruler.png</guid>
															<wp:post_id>27346</wp:post_id>
					<wp:post_date><![CDATA[2024-08-02 06:56:17]]></wp:post_date>
					<wp:post_date_gmt><![CDATA[2024-08-02 06:56:17]]></wp:post_date_gmt>
					<wp:post_modified><![CDATA[2024-08-02 06:56:17]]></wp:post_modified>
					<wp:post_modified_gmt><![CDATA[2024-08-02 06:56:17]]></wp:post_modified_gmt>
					<wp:comment_status><![CDATA[open]]></wp:comment_status>
					<wp:post_name><![CDATA[about-us-ruler]]></wp:post_name>
					<wp:status><![CDATA[inherit]]></wp:status>
					<wp:post_parent>27283</wp:post_parent>
					<wp:menu_order>0</wp:menu_order>
					<wp:post_type><![CDATA[attachment]]></wp:post_type>
											<wp:attachment_url><![CDATA[https://dummy.xtemos.com/woodmart2/gutenberg/wp-content/uploads/sites/24/2024/08/about-us-ruler.png]]></wp:attachment_url>
																					<wp:postmeta>
							<wp:meta_key><![CDATA[_wp_attached_file]]></wp:meta_key>
							<wp:meta_value><![CDATA[2024/08/about-us-ruler.png]]></wp:meta_value>
						</wp:postmeta>
										</item>
								<item>
					<title><![CDATA[old-about-us-video-2]]></title>
					<link>https://dummy.xtemos.com/woodmart2/gutenberg/about-us/old-about-us-video-2/</link>
					<pubDate>Fri, 02 Aug 2024 12:12:14 +0000</pubDate>
					<dc:creator><![CDATA[Ethan Smith]]></dc:creator>
					<guid isPermaLink="false">https://dummy.xtemos.com/woodmart2/gutenberg/wp-content/uploads/sites/24/2024/08/old-about-us-video-2.jpg</guid>
															<wp:post_id>27379</wp:post_id>
					<wp:post_date><![CDATA[2024-08-02 12:12:14]]></wp:post_date>
					<wp:post_date_gmt><![CDATA[2024-08-02 12:12:14]]></wp:post_date_gmt>
					<wp:post_modified><![CDATA[2024-08-02 12:12:14]]></wp:post_modified>
					<wp:post_modified_gmt><![CDATA[2024-08-02 12:12:14]]></wp:post_modified_gmt>
					<wp:comment_status><![CDATA[open]]></wp:comment_status>
					<wp:post_name><![CDATA[old-about-us-video-2]]></wp:post_name>
					<wp:status><![CDATA[inherit]]></wp:status>
					<wp:post_parent>27283</wp:post_parent>
					<wp:menu_order>0</wp:menu_order>
					<wp:post_type><![CDATA[attachment]]></wp:post_type>
											<wp:attachment_url><![CDATA[https://dummy.xtemos.com/woodmart2/gutenberg/wp-content/uploads/sites/24/2024/08/old-about-us-video-2.jpg]]></wp:attachment_url>
																					<wp:postmeta>
							<wp:meta_key><![CDATA[_wp_attached_file]]></wp:meta_key>
							<wp:meta_value><![CDATA[2024/08/old-about-us-video-2.jpg]]></wp:meta_value>
						</wp:postmeta>
										</item>
								<item>
					<title><![CDATA[old-about-us-video-1]]></title>
					<link>https://dummy.xtemos.com/woodmart2/gutenberg/about-us/old-about-us-video-1/</link>
					<pubDate>Fri, 02 Aug 2024 12:12:15 +0000</pubDate>
					<dc:creator><![CDATA[Ethan Smith]]></dc:creator>
					<guid isPermaLink="false">https://dummy.xtemos.com/woodmart2/gutenberg/wp-content/uploads/sites/24/2024/08/old-about-us-video-1.jpg</guid>
															<wp:post_id>27380</wp:post_id>
					<wp:post_date><![CDATA[2024-08-02 12:12:15]]></wp:post_date>
					<wp:post_date_gmt><![CDATA[2024-08-02 12:12:15]]></wp:post_date_gmt>
					<wp:post_modified><![CDATA[2024-08-02 12:12:15]]></wp:post_modified>
					<wp:post_modified_gmt><![CDATA[2024-08-02 12:12:15]]></wp:post_modified_gmt>
					<wp:comment_status><![CDATA[open]]></wp:comment_status>
					<wp:post_name><![CDATA[old-about-us-video-1]]></wp:post_name>
					<wp:status><![CDATA[inherit]]></wp:status>
					<wp:post_parent>27283</wp:post_parent>
					<wp:menu_order>0</wp:menu_order>
					<wp:post_type><![CDATA[attachment]]></wp:post_type>
											<wp:attachment_url><![CDATA[https://dummy.xtemos.com/woodmart2/gutenberg/wp-content/uploads/sites/24/2024/08/old-about-us-video-1.jpg]]></wp:attachment_url>
																					<wp:postmeta>
							<wp:meta_key><![CDATA[_wp_attached_file]]></wp:meta_key>
							<wp:meta_value><![CDATA[2024/08/old-about-us-video-1.jpg]]></wp:meta_value>
						</wp:postmeta>
										</item>
								<item>
					<title><![CDATA[old-team-member-1]]></title>
					<link>https://dummy.xtemos.com/woodmart2/gutenberg/about-us/old-team-member-1/</link>
					<pubDate>Fri, 02 Aug 2024 12:19:09 +0000</pubDate>
					<dc:creator><![CDATA[Ethan Smith]]></dc:creator>
					<guid isPermaLink="false">https://dummy.xtemos.com/woodmart2/gutenberg/wp-content/uploads/sites/24/2024/08/old-team-member-1.jpg</guid>
															<wp:post_id>27387</wp:post_id>
					<wp:post_date><![CDATA[2024-08-02 12:19:09]]></wp:post_date>
					<wp:post_date_gmt><![CDATA[2024-08-02 12:19:09]]></wp:post_date_gmt>
					<wp:post_modified><![CDATA[2024-08-02 12:19:09]]></wp:post_modified>
					<wp:post_modified_gmt><![CDATA[2024-08-02 12:19:09]]></wp:post_modified_gmt>
					<wp:comment_status><![CDATA[open]]></wp:comment_status>
					<wp:post_name><![CDATA[old-team-member-1]]></wp:post_name>
					<wp:status><![CDATA[inherit]]></wp:status>
					<wp:post_parent>27283</wp:post_parent>
					<wp:menu_order>0</wp:menu_order>
					<wp:post_type><![CDATA[attachment]]></wp:post_type>
											<wp:attachment_url><![CDATA[https://dummy.xtemos.com/woodmart2/gutenberg/wp-content/uploads/sites/24/2024/08/old-team-member-1.jpg]]></wp:attachment_url>
																					<wp:postmeta>
							<wp:meta_key><![CDATA[_wp_attached_file]]></wp:meta_key>
							<wp:meta_value><![CDATA[2024/08/old-team-member-1.jpg]]></wp:meta_value>
						</wp:postmeta>
										</item>
								<item>
					<title><![CDATA[old-team-member-2]]></title>
					<link>https://dummy.xtemos.com/woodmart2/gutenberg/about-us/old-team-member-2/</link>
					<pubDate>Fri, 02 Aug 2024 12:19:09 +0000</pubDate>
					<dc:creator><![CDATA[Ethan Smith]]></dc:creator>
					<guid isPermaLink="false">https://dummy.xtemos.com/woodmart2/gutenberg/wp-content/uploads/sites/24/2024/08/old-team-member-2.jpg</guid>
															<wp:post_id>27388</wp:post_id>
					<wp:post_date><![CDATA[2024-08-02 12:19:09]]></wp:post_date>
					<wp:post_date_gmt><![CDATA[2024-08-02 12:19:09]]></wp:post_date_gmt>
					<wp:post_modified><![CDATA[2024-08-02 12:19:09]]></wp:post_modified>
					<wp:post_modified_gmt><![CDATA[2024-08-02 12:19:09]]></wp:post_modified_gmt>
					<wp:comment_status><![CDATA[open]]></wp:comment_status>
					<wp:post_name><![CDATA[old-team-member-2]]></wp:post_name>
					<wp:status><![CDATA[inherit]]></wp:status>
					<wp:post_parent>27283</wp:post_parent>
					<wp:menu_order>0</wp:menu_order>
					<wp:post_type><![CDATA[attachment]]></wp:post_type>
											<wp:attachment_url><![CDATA[https://dummy.xtemos.com/woodmart2/gutenberg/wp-content/uploads/sites/24/2024/08/old-team-member-2.jpg]]></wp:attachment_url>
																					<wp:postmeta>
							<wp:meta_key><![CDATA[_wp_attached_file]]></wp:meta_key>
							<wp:meta_value><![CDATA[2024/08/old-team-member-2.jpg]]></wp:meta_value>
						</wp:postmeta>
										</item>
								<item>
					<title><![CDATA[old-team-member-3]]></title>
					<link>https://dummy.xtemos.com/woodmart2/gutenberg/about-us/old-team-member-3/</link>
					<pubDate>Fri, 02 Aug 2024 12:19:10 +0000</pubDate>
					<dc:creator><![CDATA[Ethan Smith]]></dc:creator>
					<guid isPermaLink="false">https://dummy.xtemos.com/woodmart2/gutenberg/wp-content/uploads/sites/24/2024/08/old-team-member-3.jpg</guid>
															<wp:post_id>27389</wp:post_id>
					<wp:post_date><![CDATA[2024-08-02 12:19:10]]></wp:post_date>
					<wp:post_date_gmt><![CDATA[2024-08-02 12:19:10]]></wp:post_date_gmt>
					<wp:post_modified><![CDATA[2024-08-02 12:19:10]]></wp:post_modified>
					<wp:post_modified_gmt><![CDATA[2024-08-02 12:19:10]]></wp:post_modified_gmt>
					<wp:comment_status><![CDATA[open]]></wp:comment_status>
					<wp:post_name><![CDATA[old-team-member-3]]></wp:post_name>
					<wp:status><![CDATA[inherit]]></wp:status>
					<wp:post_parent>27283</wp:post_parent>
					<wp:menu_order>0</wp:menu_order>
					<wp:post_type><![CDATA[attachment]]></wp:post_type>
											<wp:attachment_url><![CDATA[https://dummy.xtemos.com/woodmart2/gutenberg/wp-content/uploads/sites/24/2024/08/old-team-member-3.jpg]]></wp:attachment_url>
																					<wp:postmeta>
							<wp:meta_key><![CDATA[_wp_attached_file]]></wp:meta_key>
							<wp:meta_value><![CDATA[2024/08/old-team-member-3.jpg]]></wp:meta_value>
						</wp:postmeta>
										</item>
								<item>
					<title><![CDATA[old-team-member-4]]></title>
					<link>https://dummy.xtemos.com/woodmart2/gutenberg/about-us/old-team-member-4/</link>
					<pubDate>Fri, 02 Aug 2024 12:19:11 +0000</pubDate>
					<dc:creator><![CDATA[Ethan Smith]]></dc:creator>
					<guid isPermaLink="false">https://dummy.xtemos.com/woodmart2/gutenberg/wp-content/uploads/sites/24/2024/08/old-team-member-4.jpg</guid>
															<wp:post_id>27390</wp:post_id>
					<wp:post_date><![CDATA[2024-08-02 12:19:11]]></wp:post_date>
					<wp:post_date_gmt><![CDATA[2024-08-02 12:19:11]]></wp:post_date_gmt>
					<wp:post_modified><![CDATA[2024-08-02 12:19:11]]></wp:post_modified>
					<wp:post_modified_gmt><![CDATA[2024-08-02 12:19:11]]></wp:post_modified_gmt>
					<wp:comment_status><![CDATA[open]]></wp:comment_status>
					<wp:post_name><![CDATA[old-team-member-4]]></wp:post_name>
					<wp:status><![CDATA[inherit]]></wp:status>
					<wp:post_parent>27283</wp:post_parent>
					<wp:menu_order>0</wp:menu_order>
					<wp:post_type><![CDATA[attachment]]></wp:post_type>
											<wp:attachment_url><![CDATA[https://dummy.xtemos.com/woodmart2/gutenberg/wp-content/uploads/sites/24/2024/08/old-team-member-4.jpg]]></wp:attachment_url>
																					<wp:postmeta>
							<wp:meta_key><![CDATA[_wp_attached_file]]></wp:meta_key>
							<wp:meta_value><![CDATA[2024/08/old-team-member-4.jpg]]></wp:meta_value>
						</wp:postmeta>
										</item>
								<item>
					<title><![CDATA[old-about-us-banner-1]]></title>
					<link>https://dummy.xtemos.com/woodmart2/gutenberg/about-us/old-about-us-banner-1/</link>
					<pubDate>Fri, 02 Aug 2024 12:58:19 +0000</pubDate>
					<dc:creator><![CDATA[Ethan Smith]]></dc:creator>
					<guid isPermaLink="false">https://dummy.xtemos.com/woodmart2/gutenberg/wp-content/uploads/sites/24/2024/08/old-about-us-banner-1.jpg</guid>
															<wp:post_id>27432</wp:post_id>
					<wp:post_date><![CDATA[2024-08-02 12:58:19]]></wp:post_date>
					<wp:post_date_gmt><![CDATA[2024-08-02 12:58:19]]></wp:post_date_gmt>
					<wp:post_modified><![CDATA[2024-08-02 12:58:19]]></wp:post_modified>
					<wp:post_modified_gmt><![CDATA[2024-08-02 12:58:19]]></wp:post_modified_gmt>
					<wp:comment_status><![CDATA[open]]></wp:comment_status>
					<wp:post_name><![CDATA[old-about-us-banner-1]]></wp:post_name>
					<wp:status><![CDATA[inherit]]></wp:status>
					<wp:post_parent>27283</wp:post_parent>
					<wp:menu_order>0</wp:menu_order>
					<wp:post_type><![CDATA[attachment]]></wp:post_type>
											<wp:attachment_url><![CDATA[https://dummy.xtemos.com/woodmart2/gutenberg/wp-content/uploads/sites/24/2024/08/old-about-us-banner-1.jpg]]></wp:attachment_url>
																					<wp:postmeta>
							<wp:meta_key><![CDATA[_wp_attached_file]]></wp:meta_key>
							<wp:meta_value><![CDATA[2024/08/old-about-us-banner-1.jpg]]></wp:meta_value>
						</wp:postmeta>
										</item>
								<item>
					<title><![CDATA[old-about-us-banner-2]]></title>
					<link>https://dummy.xtemos.com/woodmart2/gutenberg/about-us/old-about-us-banner-2/</link>
					<pubDate>Fri, 02 Aug 2024 12:58:20 +0000</pubDate>
					<dc:creator><![CDATA[Ethan Smith]]></dc:creator>
					<guid isPermaLink="false">https://dummy.xtemos.com/woodmart2/gutenberg/wp-content/uploads/sites/24/2024/08/old-about-us-banner-2.jpg</guid>
															<wp:post_id>27433</wp:post_id>
					<wp:post_date><![CDATA[2024-08-02 12:58:20]]></wp:post_date>
					<wp:post_date_gmt><![CDATA[2024-08-02 12:58:20]]></wp:post_date_gmt>
					<wp:post_modified><![CDATA[2024-08-02 12:58:20]]></wp:post_modified>
					<wp:post_modified_gmt><![CDATA[2024-08-02 12:58:20]]></wp:post_modified_gmt>
					<wp:comment_status><![CDATA[open]]></wp:comment_status>
					<wp:post_name><![CDATA[old-about-us-banner-2]]></wp:post_name>
					<wp:status><![CDATA[inherit]]></wp:status>
					<wp:post_parent>27283</wp:post_parent>
					<wp:menu_order>0</wp:menu_order>
					<wp:post_type><![CDATA[attachment]]></wp:post_type>
											<wp:attachment_url><![CDATA[https://dummy.xtemos.com/woodmart2/gutenberg/wp-content/uploads/sites/24/2024/08/old-about-us-banner-2.jpg]]></wp:attachment_url>
																					<wp:postmeta>
							<wp:meta_key><![CDATA[_wp_attached_file]]></wp:meta_key>
							<wp:meta_value><![CDATA[2024/08/old-about-us-banner-2.jpg]]></wp:meta_value>
						</wp:postmeta>
										</item>
								<item>
					<title><![CDATA[old-about-us-banner-3]]></title>
					<link>https://dummy.xtemos.com/woodmart2/gutenberg/about-us/old-about-us-banner-3/</link>
					<pubDate>Fri, 02 Aug 2024 12:58:20 +0000</pubDate>
					<dc:creator><![CDATA[Ethan Smith]]></dc:creator>
					<guid isPermaLink="false">https://dummy.xtemos.com/woodmart2/gutenberg/wp-content/uploads/sites/24/2024/08/old-about-us-banner-3.jpg</guid>
															<wp:post_id>27434</wp:post_id>
					<wp:post_date><![CDATA[2024-08-02 12:58:20]]></wp:post_date>
					<wp:post_date_gmt><![CDATA[2024-08-02 12:58:20]]></wp:post_date_gmt>
					<wp:post_modified><![CDATA[2024-08-02 12:58:20]]></wp:post_modified>
					<wp:post_modified_gmt><![CDATA[2024-08-02 12:58:20]]></wp:post_modified_gmt>
					<wp:comment_status><![CDATA[open]]></wp:comment_status>
					<wp:post_name><![CDATA[old-about-us-banner-3]]></wp:post_name>
					<wp:status><![CDATA[inherit]]></wp:status>
					<wp:post_parent>27283</wp:post_parent>
					<wp:menu_order>0</wp:menu_order>
					<wp:post_type><![CDATA[attachment]]></wp:post_type>
											<wp:attachment_url><![CDATA[https://dummy.xtemos.com/woodmart2/gutenberg/wp-content/uploads/sites/24/2024/08/old-about-us-banner-3.jpg]]></wp:attachment_url>
																					<wp:postmeta>
							<wp:meta_key><![CDATA[_wp_attached_file]]></wp:meta_key>
							<wp:meta_value><![CDATA[2024/08/old-about-us-banner-3.jpg]]></wp:meta_value>
						</wp:postmeta>
										</item>
				</channel>
</rss>
	